-- phpMyAdmin SQL Dump
-- version 4.6.6deb4
-- https://www.phpmyadmin.net/
--
-- Host: localhost:3306
-- Tempo de geração: 02/08/2019 às 23:41
-- Versão do servidor: 10.1.38-MariaDB-0+deb9u1
-- Versão do PHP: 7.3.7-2+0~20190725.42+debian9~1.gbp848ca5

SET SQL_MODE = "NO_AUTO_VALUE_ON_ZERO";
SET time_zone = "+00:00";


/*!40101 SET @OLD_CHARACTER_SET_CLIENT=@@CHARACTER_SET_CLIENT */;
/*!40101 SET @OLD_CHARACTER_SET_RESULTS=@@CHARACTER_SET_RESULTS */;
/*!40101 SET @OLD_COLLATION_CONNECTION=@@COLLATION_CONNECTION */;
/*!40101 SET NAMES utf8mb4 */;

--
-- Banco de dados: `mdbapi`
--
CREATE DATABASE IF NOT EXISTS `mdbapi` DEFAULT CHARACTER SET utf8mb4 COLLATE utf8mb4_general_ci;
USE `mdbapi`;

-- --------------------------------------------------------

--
-- Estrutura para tabela `migrations`
--

CREATE TABLE `migrations` (
  `id` int(10) UNSIGNED NOT NULL,
  `migration` varchar(191) COLLATE utf8mb4_unicode_ci NOT NULL,
  `batch` int(11) NOT NULL
) ENGINE=InnoDB DEFAULT CHARSET=utf8mb4 COLLATE=utf8mb4_unicode_ci;

--
-- Fazendo dump de dados para tabela `migrations`
--

INSERT INTO `migrations` (`id`, `migration`, `batch`) VALUES
(1, '2014_10_12_000000_create_users_table', 1),
(2, '2014_10_12_100000_create_password_resets_table', 1),
(3, '2016_06_01_000001_create_oauth_auth_codes_table', 1),
(4, '2016_06_01_000002_create_oauth_access_tokens_table', 1),
(5, '2016_06_01_000003_create_oauth_refresh_tokens_table', 1),
(6, '2016_06_01_000004_create_oauth_clients_table', 1),
(7, '2016_06_01_000005_create_oauth_personal_access_clients_table', 1),
(8, '2019_07_21_151303_add_imagem_table_users', 2),
(9, '2019_07_21_152141_add_imagem_table_users', 3);

-- --------------------------------------------------------

--
-- Estrutura para tabela `oauth_access_tokens`
--

CREATE TABLE `oauth_access_tokens` (
  `id` varchar(100) COLLATE utf8mb4_unicode_ci NOT NULL,
  `user_id` int(11) DEFAULT NULL,
  `client_id` int(10) UNSIGNED NOT NULL,
  `name` varchar(191) COLLATE utf8mb4_unicode_ci DEFAULT NULL,
  `scopes` text COLLATE utf8mb4_unicode_ci,
  `revoked` tinyint(1) NOT NULL,
  `created_at` timestamp NULL DEFAULT NULL,
  `updated_at` timestamp NULL DEFAULT NULL,
  `expires_at` datetime DEFAULT NULL
) ENGINE=InnoDB DEFAULT CHARSET=utf8mb4 COLLATE=utf8mb4_unicode_ci;

--
-- Fazendo dump de dados para tabela `oauth_access_tokens`
--

INSERT INTO `oauth_access_tokens` (`id`, `user_id`, `client_id`, `name`, `scopes`, `revoked`, `created_at`, `updated_at`, `expires_at`) VALUES
('007fb8098a455b9a8f8be05cc27a1d99c9b30c0b169f45eb02cc4ca89587e5a547cfc98d6727ec30', 4, 1, 'ph@mail.com', '[]', 0, '2019-07-13 22:02:26', '2019-07-13 22:02:26', '2020-07-13 19:02:26'),
('007fec186d691ae54de68a7c594cb6c63886644a48450d6fc8c373b6c5d3e2122a4c8c5caa9bf2cf', 6, 3, 'dinha@mail.com', '[]', 0, '2019-07-16 04:08:08', '2019-07-16 04:08:08', '2020-07-16 01:08:08'),
('014f1d83bc648be0d0114304783854d933acb2b432b3e16373d01b6852eeb8719b39c509d45def15', 5, 3, 'domingos@mail.com', '[]', 0, '2019-07-21 21:16:19', '2019-07-21 21:16:19', '2020-07-21 18:16:19'),
('0190cc77f616e02c4a8c401f92748ceaadd34be32869a69b1d4ea18cf87dd866b251b241f2bf6fb6', 4, 3, 'ph@mail.com', '[]', 0, '2019-07-22 04:08:22', '2019-07-22 04:08:22', '2020-07-22 01:08:22'),
('01c04056363d3548ad019e2fb793a2547fe63221bf76e999f5ab6740ba3515fd7a408a4794674e76', 5, 3, 'domingos@mail.com', '[]', 0, '2019-07-21 21:16:23', '2019-07-21 21:16:23', '2020-07-21 18:16:23'),
('022dfe54c43dd3a124c12d6e47ca52c4af4af1cbc96267037934078b98b8be94f0d594aab0fce352', 4, 3, 'ph@mail.com', '[]', 0, '2019-07-15 00:13:05', '2019-07-15 00:13:05', '2020-07-14 21:13:05'),
('03f98c5a046b84f6f7f5040439e8c2c4b86fb42a7d677f09d4602e2f755572453263bbc371097829', 21, 3, 'elias@mail.com', '[]', 0, '2019-07-22 00:14:36', '2019-07-22 00:14:36', '2020-07-21 21:14:36'),
('05a7465f3e9f6de8e118cfec2fa48537ef2abf8dcb36583622f3cd58b8dd5299509c5c0f8034588e', 7, 3, 'tiana@mail.com', '[]', 0, '2019-07-16 04:48:12', '2019-07-16 04:48:12', '2020-07-16 01:48:12'),
('05e32db6832f3d494223522964962773a539bef3547a276252bfceaed7d22256cff0fa8de19c2c5e', 6, 3, 'dinha@mail.com', '[]', 0, '2019-07-18 04:28:58', '2019-07-18 04:28:58', '2020-07-18 01:28:58'),
('06010d83f0b767adaeef0d231eff8a235a89eb4a99337b7397356824e1166c2e4fa55548f80f2ec2', 19, 3, 'enzo@mail.com', '[]', 0, '2019-07-21 23:50:09', '2019-07-21 23:50:09', '2020-07-21 20:50:09'),
('0605e412fbeb884cd6d16d8c32012ccc6a471b6db9675f4c50fc8dd4e7e4a5660678c20dc4d48fc6', 20, 3, 'fernanda@mail.com', '[]', 0, '2019-07-24 03:19:10', '2019-07-24 03:19:10', '2020-07-24 00:19:10'),
('0624e4db3dea2b3c9b7fcb0a9f22da52e979688e11edd72a6d0b29a3463561dcba9f45fd662dc305', 30, 3, 'alceu@mail.com', '[]', 0, '2019-07-24 05:47:39', '2019-07-24 05:47:39', '2020-07-24 02:47:39'),
('06ebc63ee61a9acb093fcdd338c7aad4c08d07620034f6a80958af07a9291213041cdc2bb504696f', 4, 3, 'ph@mail.com', '[]', 0, '2019-07-17 05:27:03', '2019-07-17 05:27:03', '2020-07-17 02:27:03'),
('07c7e1ced13e6f11c75fe5ae5466b9f0d0499c1bef2b42671d9fc788ecc92833bc4e5a1906caf5ff', 24, 3, 'hendrix@mail.com', '[]', 0, '2019-07-24 05:02:44', '2019-07-24 05:02:44', '2020-07-24 02:02:44'),
('07d365820b9a99bf3be5779917c7773bdbf8f5092a110a54298d824b40d8cadb7641a744f9137455', 4, 1, 'ph@mail.com', '[]', 0, '2019-07-14 01:05:29', '2019-07-14 01:05:29', '2020-07-13 22:05:29'),
('09e15e1730e426e2781b2280255ab4b932eaa03a0c9142ae378cfcca80cd65245cffe989e4f66988', 4, 3, 'ph@mail.com', '[]', 0, '2019-07-14 23:09:51', '2019-07-14 23:09:51', '2020-07-14 20:09:51'),
('0a052c5a36e6e1449065089ad9c3579b8355c732ba3510e2aba8dde728cd2400945b0101c304cd17', 23, 3, 'diego@mail.com', '[]', 0, '2019-07-22 02:12:04', '2019-07-22 02:12:04', '2020-07-21 23:12:04'),
('0a1a06e266f64cc65797496fae6008bd02489df4e3857f97362effb0e0a40ff2f36565da3a2212dd', 5, 3, 'dom@mail.com', '[]', 0, '2019-07-14 23:10:39', '2019-07-14 23:10:39', '2020-07-14 20:10:39'),
('0a512b82179abf3f7370a7058e463a0e1fc554a3aa4801e4b2fae75dd33cdef4c16ad9d5d0bce24b', 4, 1, 'ph@mail.com', '[]', 0, '2019-07-13 21:39:46', '2019-07-13 21:39:46', '2020-07-13 18:39:46'),
('0b0be6a52b2c467b1478feda28c7f62c9474cbc04a3c149c2f7b483523ea539f9bd0a373cc9ee5d9', 4, 3, 'ph@mail.com', '[]', 0, '2019-07-21 23:07:41', '2019-07-21 23:07:41', '2020-07-21 20:07:41'),
('0b27bfec43b2ecfc9be7866d5364e07baaeacde9578c83c48d4c7164e09726155655588d864a19dc', 9, 1, 'saulo@mail.com', '[]', 0, '2019-07-14 20:16:31', '2019-07-14 20:16:31', '2020-07-14 17:16:31'),
('0c65dbc69144b0fb4336aa51a4e0eca38710cc2c3d6ddc237b39c93e40d2513d9fffaa8ee4881b7f', 6, 3, 'dinha@mail.com', '[]', 0, '2019-07-21 23:00:47', '2019-07-21 23:00:47', '2020-07-21 20:00:47'),
('0db5538ace496281fa3fd7a4a81e91564760927041e7ec4e2a47b8766bca143aee21d67a51af08e9', 4, 1, 'ph@mail.com', '[]', 0, '2019-07-13 23:46:50', '2019-07-13 23:46:50', '2020-07-13 20:46:50'),
('0ff75c3a2e4d6454d7c6953f121b742907b08c9cc1fb174a4a5a11e391587517b93e6813f4ff5dbb', 4, 3, 'ph@mail.com', '[]', 0, '2019-07-25 05:32:47', '2019-07-25 05:32:47', '2020-07-25 02:32:47'),
('11ee53f06a69196f12d429e51343ef40836b03dd1c101ae4f18a22fe3c5b355b20c10f5639d34778', 4, 3, 'ph@mail.com', '[]', 0, '2019-07-22 04:07:18', '2019-07-22 04:07:18', '2020-07-22 01:07:18'),
('12586c7c3f6a3316cf5e018d9633cc0412abd1e80d9faa470575e6383a4d11526c666664dd0d5e1e', 6, 3, 'dinha@mail.com', '[]', 0, '2019-07-21 23:41:35', '2019-07-21 23:41:35', '2020-07-21 20:41:35'),
('129266e454104815d6c5aff841b02bcad207729ba19cb5b9a42669d00a0dca9d3c0d7b2d922f19f9', 23, 3, 'enzo@mail.com', '[]', 0, '2019-07-24 04:28:07', '2019-07-24 04:28:07', '2020-07-24 01:28:07'),
('12ab2ba517eca58f085b864cc1bc6852cf4190c4cac1561e581f744789fed17ea3138cb870a93b32', 8, 3, 'eafp@mail.com', '[]', 0, '2019-07-16 04:12:36', '2019-07-16 04:12:36', '2020-07-16 01:12:36'),
('1314d2b6daa6a225301cb838433599ec7f845e5187cb52dd2f66c635e2bab7c632e615f1ed174829', 4, 1, 'ph@mail.com', '[]', 0, '2019-07-13 20:51:20', '2019-07-13 20:51:20', '2020-07-13 17:51:20'),
('13551c5d479df8514360078fa05a194684285da41c7f2051738a70ef70ad9f9c805cb278090ea814', 4, 3, 'ph@mail.com', '[]', 0, '2019-07-14 23:06:46', '2019-07-14 23:06:46', '2020-07-14 20:06:46'),
('136b415810bd244752e84edfb02356b0cf782ac966ec57514a75b3e702553368d3996b6f81c13c07', 4, 1, 'ph@mail.com', '[]', 0, '2019-07-13 20:28:03', '2019-07-13 20:28:03', '2020-07-13 17:28:03'),
('136f72b778c7ef8fef71c1b5648f0f98009262b873cbf2dc20d472d96c42bd382ec7bfabc5dc17ed', 20, 3, 'fernanda@mail.com', '[]', 0, '2019-07-22 02:15:45', '2019-07-22 02:15:45', '2020-07-21 23:15:45'),
('13a33051c12a3db246d740f49bf2db3b4720357b2dd1fc7e33e3eaa1a5130a488a157cb6f99c89ac', 4, 1, 'ph@mail.com', '[]', 0, '2019-07-13 23:25:12', '2019-07-13 23:25:12', '2020-07-13 20:25:12'),
('1538793f5b9f5d593313012dd23a77e77f9f5ef733c7c8a6ff0650ba9c9ed86908b33da585e2bdae', 4, 1, 'ph@mail.com', '[]', 0, '2019-07-13 06:00:09', '2019-07-13 06:00:09', '2020-07-13 03:00:09'),
('15dc13e6e68fe6e0d497ee4f6c2f8a28f772d5ef0ebc3778dd3401da88f9579a3c0eb4addd645c13', 4, 3, 'ph@mail.com', '[]', 0, '2019-07-16 02:59:33', '2019-07-16 02:59:33', '2020-07-15 23:59:33'),
('161b78460d65657dc8106570228787672f241579e07931f16fca622d0852afe9222e21e92fd9e7b7', 5, 3, 'domingos@mail.com', '[]', 0, '2019-07-21 21:24:53', '2019-07-21 21:24:53', '2020-07-21 18:24:53'),
('16a81d2c29e491d73734b896092c185d8764737f7e2a8ba2f97d7b37840021bf2843912b28486698', 5, 3, 'dom@mail.com', '[]', 0, '2019-07-16 07:00:49', '2019-07-16 07:00:49', '2020-07-16 04:00:49'),
('179f3e981d7972b10604394efb79bc4da320ed349fe5f5c9b04fc26c88ac09bda0a74989b7e98312', 22, 3, 'elias@mail.com', '[]', 0, '2019-07-22 02:04:22', '2019-07-22 02:04:22', '2020-07-21 23:04:22'),
('18b07840a67d7f2feb725ca8515c3c4e15b86a28765f0cfe4da6c64acfa83a681afe02639864e5fb', 4, 3, 'ph@mail.com', '[]', 0, '2019-07-15 04:07:22', '2019-07-15 04:07:22', '2020-07-15 01:07:22'),
('194b40934aa00d9f0f1bac64a5a482374ae84c59d5c54ae933be3c8dc2f7ced96451ccab417869df', 6, 1, 'dinha@mail.com', '[]', 0, '2019-07-14 19:36:36', '2019-07-14 19:36:36', '2020-07-14 16:36:36'),
('19da677b99f2b2110aa7d75da1b0f1e4e092141c4d3c1601f1c0d82833b81ef72d618900e529a252', 4, 1, 'ph@mail.com', '[]', 0, '2019-07-13 23:32:06', '2019-07-13 23:32:06', '2020-07-13 20:32:06'),
('1aad01a1f3e009220f6e7353dab24942498e7a82f322afd1fef61b7e920ec0e032ffa29c9fa5d54c', 4, 3, 'ph@mail.com', '[]', 0, '2019-07-17 05:25:58', '2019-07-17 05:25:58', '2020-07-17 02:25:58'),
('1b307635eb61556e2a89315c5f63d52efd841ad8050c64ecc404e3b4d26af05748daf30df6d099f1', 4, 3, 'ph@mail.com', '[]', 0, '2019-07-24 03:15:26', '2019-07-24 03:15:26', '2020-07-24 00:15:26'),
('1b4b9904535929f55dfd4bc08d4e7962f5d70f362e1c8901f809115e18671923181f4df8f5ec2f06', 5, 3, 'dom@mail.com', '[]', 0, '2019-07-21 18:02:43', '2019-07-21 18:02:43', '2020-07-21 15:02:43'),
('1c8688e118024035a6e683e0f17c5b3b650adf382ce31495b1217a9e1cdef36d667f288c9c579713', 5, 1, 'dom@mail.com', '[]', 0, '2019-07-14 03:19:44', '2019-07-14 03:19:44', '2020-07-14 00:19:44'),
('1c93a8e171f3fde37db81c3f257b1f27d5108247a51b609960abf306aa2c0b398793bfa9a0a57d9d', 4, 3, 'ph@mail.com', '[]', 0, '2019-07-16 05:04:47', '2019-07-16 05:04:47', '2020-07-16 02:04:47'),
('1cea3a5966f468b5953dbbb204f9312ea84a512773877f244ed308e27fbc430025eaa92c9b019602', 4, 3, 'ph@mail.com', '[]', 0, '2019-07-24 07:02:13', '2019-07-24 07:02:13', '2020-07-24 04:02:13'),
('1d54493d49813e9d3f1c5bbd740570b98305122122958c3daf949d3bfb49a364ecd9a523c2502481', 3, 1, 'rick@mail.com', '[]', 0, '2019-07-10 19:38:40', '2019-07-10 19:38:40', '2020-07-10 16:38:40'),
('1e0e9d0c1099e11360e257e307932a706cfbf26ef21a4651da9e3e9bf760cf368c36659c6d2ec4a3', 4, 1, 'ph@mail.com', '[]', 0, '2019-07-13 20:19:26', '2019-07-13 20:19:26', '2020-07-13 17:19:26'),
('1e8796b1b6ca3a03812ce3975566caaa0a31a1a213c34169de25cf5baa1b0d5f6189cdb0f5b99f1f', 4, 3, 'ph@mail.com', '[]', 0, '2019-07-22 00:00:27', '2019-07-22 00:00:27', '2020-07-21 21:00:27'),
('1ea0fa3b3c450633fe9340e1cef3da7eba85ac69d2dab1ba466d4b5af07e945774de0bfe9b800345', 6, 1, 'dinha@mail.com', '[]', 0, '2019-07-14 03:35:35', '2019-07-14 03:35:35', '2020-07-14 00:35:35'),
('1f07a307949782251465016de3935a545a1fd999510407867f04e1e0876812b4c46fa9d15ee94077', 4, 3, 'ph@mail.com', '[]', 0, '2019-07-16 03:05:03', '2019-07-16 03:05:03', '2020-07-16 00:05:03'),
('20d4c61068e41af5cd3fa6cc8b9da9a80190966bf31118e0c6b7da3a937329173ca6e80acdefe4aa', 8, 1, 'eafp@mail.com', '[]', 0, '2019-07-14 20:14:20', '2019-07-14 20:14:20', '2020-07-14 17:14:20'),
('2121d440a45db101f751ec4092512e11730069a8c638386843fe53cd325c258fbde5a99d4f208449', 4, 1, 'ph@mail.com', '[]', 0, '2019-07-12 04:31:19', '2019-07-12 04:31:19', '2020-07-12 01:31:19'),
('2178d40b72e2b6a0c979e823abc398add28bceb230f45084a710cec0ec71f013320d64752bbe763e', 5, 1, 'dom@mail.com', '[]', 0, '2019-07-14 07:02:02', '2019-07-14 07:02:02', '2020-07-14 04:02:02'),
('21ff486b3d5685842780ed50ac339b2656cdcd8cf68b4495088b7a8f9fd832dbec24138897ec1fd6', 4, 1, 'ph@mail.com', '[]', 0, '2019-07-13 06:08:35', '2019-07-13 06:08:35', '2020-07-13 03:08:35'),
('22e336aacc9c3bd1c47a662fa596b8252c354450190af1019564933d564b54d752468e185aa6c2a0', 5, 3, 'domingos@mail.com', '[]', 0, '2019-07-21 20:30:34', '2019-07-21 20:30:34', '2020-07-21 17:30:34'),
('230916cd0a7bce4b63ed64959b5d10c0aa1f1655b348f1cbfc9fdd47e72ed3a7fb2309a866d8e669', 7, 3, 'tiana@mail.com', '[]', 0, '2019-07-16 03:53:10', '2019-07-16 03:53:10', '2020-07-16 00:53:10'),
('233f1c49c1f68cef69fd03dea528f3046176dd03688100bd30ee461bf3c3399b382db13369992651', 4, 1, 'ph@mail.com', '[]', 0, '2019-07-11 01:57:02', '2019-07-11 01:57:02', '2020-07-10 22:57:02'),
('24bc5a299c084a092ad289842d372de1877bd3d52d8763154811ca7fd3f6be0a68e52ad5be2182f1', 4, 3, 'ph@mail.com', '[]', 0, '2019-07-15 01:02:30', '2019-07-15 01:02:30', '2020-07-14 22:02:30'),
('255e9793d6afa22c84ab29ca1d9a7868311cf413ec0d00ae18e3a3bf9e9a8483c539b6ca1c3603c7', 6, 3, 'dinha@mail.com', '[]', 0, '2019-07-21 23:58:10', '2019-07-21 23:58:10', '2020-07-21 20:58:10'),
('259fff81ed6216d85d6bc7d511b4bdf3760145aff78a3f1a9810aaa8c4866827f1749185e6979ba6', 4, 3, 'ph@mail.com', '[]', 0, '2019-07-14 23:06:39', '2019-07-14 23:06:39', '2020-07-14 20:06:39'),
('26455d72908356829365bc833f8dbc7a10e3985cadcc3fb78d189ba8467d1c7197ce440c5fe9ac65', 5, 3, 'domingos@mail.com', '[]', 0, '2019-07-21 21:26:20', '2019-07-21 21:26:20', '2020-07-21 18:26:20'),
('2714215ea26babb84f5c19dcd9c1205046da06c7565c2441a815df4001e5ce127030144a4de2a17b', 5, 3, 'domingos@mail.com', '[]', 0, '2019-07-21 18:04:16', '2019-07-21 18:04:16', '2020-07-21 15:04:16'),
('28029919532a2dd86740f38fb52c343f6e21c31464d805d4be5e8f770988d62da3c2ce6dc64a85cd', 4, 1, 'ph@mail.com', '[]', 0, '2019-07-14 19:38:14', '2019-07-14 19:38:14', '2020-07-14 16:38:14'),
('284cfff3dbabfbbeda8e40a3c502445f2c568979d5ab270c3d70e211cbda96bca91451c0a647b833', 5, 3, 'dom@mail.com', '[]', 0, '2019-07-16 04:26:41', '2019-07-16 04:26:41', '2020-07-16 01:26:41'),
('28536ebedf6ba92c2bd37b762d46b235b58abe1d9719f9b3c425b8488b3e56cdb7617085ba36f8bc', 4, 1, 'ph@mail.com', '[]', 0, '2019-07-14 00:56:12', '2019-07-14 00:56:12', '2020-07-13 21:56:12'),
('28d6b5cd10002942142271f44c66e6610981fc20bd2e7cea5ceef57f955923dda92704e268a21d34', 6, 3, 'dinha@mail.com', '[]', 0, '2019-07-15 00:09:04', '2019-07-15 00:09:04', '2020-07-14 21:09:04'),
('2a3926795007a4cd9b9f984d08492d529041fb04408d228d615cf20410e24ba95df36769481a7494', 5, 1, 'dom@mail.com', '[]', 0, '2019-07-14 20:42:17', '2019-07-14 20:42:17', '2020-07-14 17:42:17'),
('2a421127583fd939bf9c94e2637fdcab361404e2e2aae6e07376e8cb995dfd43c607304ab2858248', 4, 1, 'ph@mail.com', '[]', 0, '2019-07-09 05:22:26', '2019-07-09 05:22:26', '2020-07-09 02:22:26'),
('2aeb9e22172576469f5679437cfd93a487519756eb2deec5862ccfdeb69f10f73432e1a957065fa1', 4, 1, 'ph@mail.com', '[]', 0, '2019-07-09 06:20:11', '2019-07-09 06:20:11', '2020-07-09 03:20:11'),
('2bdfb655d3268e0c56f050a8e1cbe7eac2b86387d54c9a1f441633d86be2ad315291db4369340fad', 23, 3, 'diego@mail.com', '[]', 0, '2019-07-22 02:10:19', '2019-07-22 02:10:19', '2020-07-21 23:10:19'),
('2c8bd4b69a6b850c718839d998d978b3224dc9f8dddd2e7c792e674ff4c7429f3d4787e959ceb052', 4, 1, 'ph@mail.com', '[]', 0, '2019-07-13 22:38:19', '2019-07-13 22:38:19', '2020-07-13 19:38:19'),
('2cccc87c858b251970b9bdf301b8bafc9f573135b3e42c284dd8cd6383e61db14b776a7621e7418d', 4, 1, 'ph@mail.com', '[]', 0, '2019-07-14 00:56:17', '2019-07-14 00:56:17', '2020-07-13 21:56:17'),
('2e5c421fbadcba3de745ae4473862fdd3c895ebee64978303778d766b59b6cb20bad5196ddb67b1a', 4, 1, 'ph@mail.com', '[]', 0, '2019-07-13 23:01:03', '2019-07-13 23:01:03', '2020-07-13 20:01:03'),
('2f14f6581225518c2d803a445fd3ccc8f82744299b9f23c1518d432dedaf29dc72b89ab8fc6c99e0', 4, 3, 'ph@mai.com', '[]', 0, '2019-07-24 07:09:39', '2019-07-24 07:09:39', '2020-07-24 04:09:39'),
('2f2b172b1a44813caa37fc5b78df3ee8a0810f7624f2a52a1778bc6d05bd2fd4835b3d23e0a89640', 7, 3, 'tiana@mail.com', '[]', 0, '2019-07-15 01:13:58', '2019-07-15 01:13:58', '2020-07-14 22:13:58'),
('2f454236740f44b52de5bac75bd4de04a3b721f5f068f929c0c3ecb34d32cdb22e1c7afb8a86c418', 4, 3, 'ph@mail.com', '[]', 0, '2019-07-14 23:24:06', '2019-07-14 23:24:06', '2020-07-14 20:24:06'),
('2f503e1b52656c5a664ecdf9384f7ac4ddab643b50e5067a7d5e621271d44b2a3aa19fb330a3b80a', 20, 3, 'fernanda@mail.com', '[]', 0, '2019-07-22 04:09:51', '2019-07-22 04:09:51', '2020-07-22 01:09:51'),
('300581bd7724706a74c4e8d7507c4c898a99f6bc2e58ac037339e290a2e9d4dfa0339caeefa8c298', 4, 3, 'ph@mail.com', '[]', 0, '2019-07-24 07:14:35', '2019-07-24 07:14:35', '2020-07-24 04:14:35'),
('30fc3327a98625c83bfe31acaa75f4a7689be19fecde82837e5dbc59f2817d90b1f39241972068c1', 4, 1, 'ph@mail.com', '[]', 0, '2019-07-13 21:08:24', '2019-07-13 21:08:24', '2020-07-13 18:08:24'),
('3238f5f290884fe507e3026e573255849e0eb8b3a53cb2ae201b3c15c7a573c1eea177e171e97896', 4, 3, 'ph@mail.com', '[]', 0, '2019-07-16 03:17:58', '2019-07-16 03:17:58', '2020-07-16 00:17:58'),
('32beb6d453b27b17600b864ae9c9a4b6a480db86329f77b1514e4c53d685b18ef4866ac1c96c284a', 20, 3, 'fernanda@mail.com', '[]', 0, '2019-07-22 02:23:16', '2019-07-22 02:23:16', '2020-07-21 23:23:16'),
('3312b9193aa9c2fb306d8027bc007d34b12fe34da778c52af6be50c453e8694199b9a2c8f4b5b028', 4, 1, 'ph@mail.com', '[]', 0, '2019-07-14 00:57:19', '2019-07-14 00:57:19', '2020-07-13 21:57:19'),
('339690e56d321e1522954c2a5587a998103b6a10f9266a1a26b84f586a00e4cde3dfe2ae9ddd2094', 7, 3, 'tiana@mail.com', '[]', 0, '2019-07-15 03:38:32', '2019-07-15 03:38:32', '2020-07-15 00:38:32'),
('3427911ee541845de7d37c778b643c9476e6584a906f3e6250e7e3a4a540e49cfa7f5b8cbe399507', 4, 3, 'ph@mail.com', '[]', 0, '2019-07-16 04:11:56', '2019-07-16 04:11:56', '2020-07-16 01:11:56'),
('3434a09f547e117a781ef5a4bd068ac0d5830e974a2bc17b069c1287071405a1ffa570cf3b1364ad', 4, 1, 'ph@mail.com', '[]', 0, '2019-07-14 04:26:01', '2019-07-14 04:26:01', '2020-07-14 01:26:01'),
('349d080757b13abd3e887792747fe52fa4bf3f6c9145681e25ee4375c69157aad4dd5d782cdbf89a', 7, 3, 'tiana@mail.com', '[]', 0, '2019-07-21 23:34:02', '2019-07-21 23:34:02', '2020-07-21 20:34:02'),
('3500ee382a8b1780696cfabdf70ee76a242f2f7fc315d7b01765d9f18fc5e2289bb71a00ce389bf3', 7, 3, 'tiana@mail.com', '[]', 0, '2019-07-16 06:32:15', '2019-07-16 06:32:15', '2020-07-16 03:32:15'),
('35bd6c1ec8911f9720f6b122321d18e9117daff26f64347f0eda2bcbd8a8fe40f511cd0f4727ffa4', 22, 3, 'elias@mail.com', '[]', 0, '2019-07-22 02:04:13', '2019-07-22 02:04:13', '2020-07-21 23:04:13'),
('35c42a112251b7d2a5790425eabba90f511b4c0162d6dce8bb2e7bfd1d29d959c335787880236bfa', 4, 3, 'ph@mail.com', '[]', 0, '2019-07-15 00:02:34', '2019-07-15 00:02:34', '2020-07-14 21:02:34'),
('384a8bb5fc83bd8b981810226b8c0139a7221847ce0f5cde6da318c5e8072139e274f5ccc4a6d9e0', 4, 3, 'ph@mail.com', '[]', 0, '2019-07-22 03:42:08', '2019-07-22 03:42:08', '2020-07-22 00:42:08'),
('3ad1c28bcfc35b9684bd2727e228325671da5937f621302340afd9f2c3460c25c78254d74f4f7e2c', 7, 1, 'tiana@mail.com', '[]', 0, '2019-07-14 20:12:30', '2019-07-14 20:12:30', '2020-07-14 17:12:30'),
('3b1856af4f3f7ed7b148f182b043e7039bafc071e40c4767ac0b8272aacbd6f477b9ffe7cc721e11', 5, 3, 'dom@mail.com', '[]', 0, '2019-07-16 06:31:34', '2019-07-16 06:31:34', '2020-07-16 03:31:34'),
('3be74c110acccdf1186ec25bd1f079fbf55411b522ae9f42ae6e3ae45b475fa072a0e8e10b47cc1b', 4, 1, 'ph@mail.com', '[]', 0, '2019-07-12 05:38:19', '2019-07-12 05:38:19', '2020-07-12 02:38:19'),
('3c82a5f9a324f93027f339447e2f258301b2f6c5fbfc6b097291ade942ecc5956bdf0d01974d6c70', 4, 3, 'ph@mail.com', '[]', 0, '2019-07-22 00:14:59', '2019-07-22 00:14:59', '2020-07-21 21:14:59'),
('3cb9905dac0f1160d3a0d939ba04caf692ed9fae8313ba7897d8f2f91368dba8dc21a02c03366bb3', 4, 3, 'ph@mail.com', '[]', 0, '2019-07-21 23:58:38', '2019-07-21 23:58:38', '2020-07-21 20:58:38'),
('3cf41b45cc10010bb8abc99360a4cef9676342e70902644cb28cf35d95b4d970514bd38baeec9800', 5, 3, 'domingos@mail.com', '[]', 0, '2019-07-21 23:08:43', '2019-07-21 23:08:43', '2020-07-21 20:08:43'),
('3d083a1a0de961dd6a3e0f5b4e04c137115dc2ccb6afac430942f9c370a6f19074cbe81fba5df6f2', 4, 3, 'ph@mail.com', '[]', 0, '2019-07-15 04:13:07', '2019-07-15 04:13:07', '2020-07-15 01:13:07'),
('3f7d9d1d043a5683a326b79d4ecedb2993e5147696e3c81140dd539ad6a6d528815102d70350278a', 4, 1, 'ph@mail.com', '[]', 0, '2019-07-14 00:55:31', '2019-07-14 00:55:31', '2020-07-13 21:55:31'),
('403d4ddcf10de9db9d11a8e8a1f07a2cedb35c7b74bccf752cbf2cfedbcc7ad226426f666fbb3b5a', 5, 1, 'dom@mail.com', '[]', 0, '2019-07-14 07:02:02', '2019-07-14 07:02:02', '2020-07-14 04:02:02'),
('40bf0e5ac664ff863571ba1a71eedb8676f933e4b12b63fa0249cb7652c9be98b5304ac7ed412902', 5, 3, 'dom@mail.com', '[]', 0, '2019-07-16 06:55:07', '2019-07-16 06:55:07', '2020-07-16 03:55:07'),
('41e5da84c3164926320a5fe377290c4997bdfa033814fa1adca2130e548169c541ed058b463e5d64', 5, 3, 'domingos@mail.com', '[]', 0, '2019-07-21 22:18:05', '2019-07-21 22:18:05', '2020-07-21 19:18:05'),
('4290af5361e72199e03a7435cb8799f6e6273f64875acfda9796909678a6b907b94aedbbf4dd33a8', 7, 3, 'tiana@mail.com', '[]', 0, '2019-07-14 23:28:54', '2019-07-14 23:28:54', '2020-07-14 20:28:54'),
('42e921d4b34e3c588f6b81863ff7959b322ad04b4c712c88edd84b827e706bb6614c2286d9b71e93', 4, 1, 'ph@mail.com', '[]', 0, '2019-07-12 05:21:15', '2019-07-12 05:21:15', '2020-07-12 02:21:15'),
('43048ff5840da4d6f6d527c9b4b06a4cb6b5bceec42abf556bf9d3af51152040438978214d665bee', 5, 3, 'dom@mail.com', '[]', 0, '2019-07-14 23:17:39', '2019-07-14 23:17:39', '2020-07-14 20:17:39'),
('43694839de13d6d5ae82340d11ce53406e1dbb0b4e8a5b277145a162dae30edf0b8980941bc150f3', 4, 1, 'ph@mail.com', '[]', 0, '2019-07-13 20:22:21', '2019-07-13 20:22:21', '2020-07-13 17:22:21'),
('4382c6479a79355f07b565ab9576b8b91912547d2a670fc130d1a5232530adc3ae8b54dc31190e43', 5, 3, 'domingos@mail.com', '[]', 0, '2019-07-21 23:12:55', '2019-07-21 23:12:55', '2020-07-21 20:12:55'),
('44fa0cea51718b3c34f8779ca4db380e3efed44dd499e3074b12733c186af18b7259bb85600549b8', 4, 3, 'ph@mail.com', '[]', 0, '2019-07-16 05:37:21', '2019-07-16 05:37:21', '2020-07-16 02:37:21'),
('453c0bb0bb88955f5a75d8e1daa65e83a7d1a4c6d64523d6ddd8baecd3e56f77ceb52f7a9654fa1d', 8, 3, 'eafp@mail.com', '[]', 0, '2019-07-16 04:21:58', '2019-07-16 04:21:58', '2020-07-16 01:21:58'),
('45ff26da9ef73f57920d6829e8442687552cc96c1a04b4ee46a4a9a0f847511f20be936d92d40326', 24, 3, 'hendrix@mail.com', '[]', 0, '2019-07-24 05:04:13', '2019-07-24 05:04:13', '2020-07-24 02:04:13'),
('4970a95d527a823fd2dee54c22480f3883710d2040a40325d36e0d8e773a6c81e9d20b0752a7310e', 4, 3, 'ph@mail.com', '[]', 0, '2019-07-25 03:20:48', '2019-07-25 03:20:48', '2020-07-25 00:20:48'),
('4b352f3b01c5911b3c62797b9f7d82e141372565f37f34f6549aa98738c271b63acf17effc153c56', 4, 1, 'ph@mail.com', '[]', 0, '2019-07-12 03:54:58', '2019-07-12 03:54:58', '2020-07-12 00:54:58'),
('4bc237f15f26435fbfedd12097d04f4034f418e9169aa53cbe6aa97368b6ceaee7ada253fb55a005', 4, 3, 'ph@mail.com', '[]', 0, '2019-07-25 03:12:41', '2019-07-25 03:12:41', '2020-07-25 00:12:41'),
('4bedd408e7d1c0fbe7aa3d0faa72021a9c2ef4d11e2568b865025dddc1d2e38980900f43a4c980ee', 4, 1, 'ph@mail.com', '[]', 0, '2019-07-14 01:13:54', '2019-07-14 01:13:54', '2020-07-13 22:13:54'),
('4cb5cd43b59d74be1cb756146b98169774cf0580d943477a613d995ac0f7ccdc59f6e119f7d01c98', 15, 1, 'jose@mail.com', '[]', 0, '2019-07-14 20:28:55', '2019-07-14 20:28:55', '2020-07-14 17:28:55'),
('4cce99bb918b70154c4185f52e1c29a1a21c86fe49d04e45fa4bd7474fbb3a5b29f03bbc2db67ddb', 5, 1, 'dom@mail.com', '[]', 0, '2019-07-14 19:32:49', '2019-07-14 19:32:49', '2020-07-14 16:32:49'),
('4dbe27d091e4b6f35df50bfeae5e2c32d89c9369108db4ee528ea831159a1ee05123d24c15e74167', 4, 1, 'ph@mail.com', '[]', 0, '2019-07-13 20:47:47', '2019-07-13 20:47:47', '2020-07-13 17:47:47'),
('4e12cc81bafa2ff5459f3856c93ff5fc24334424743ee4eabff2cf8a54bb3dd4307ca9d0d107e448', 31, 3, 'djonga@mail.com', '[]', 0, '2019-07-24 05:47:51', '2019-07-24 05:47:51', '2020-07-24 02:47:51'),
('4e7c9d764006557c0790996c8e393961504e911fa1ba05beca288e2ecb5ebda6b137cbf6f0881e43', 4, 1, 'ph@mail.com', '[]', 0, '2019-07-13 20:21:54', '2019-07-13 20:21:54', '2020-07-13 17:21:54'),
('4fec4b58a1d24f7b4d3bc037d8c0098ef031c8ee3b15fe1cb6fbbacaca3c7d8978d2c1207750db7f', 4, 1, 'ph@mail.com', '[]', 0, '2019-07-13 21:41:42', '2019-07-13 21:41:42', '2020-07-13 18:41:42'),
('506c44f61e1a28fd5562a1231d5a488a756495edc8f705659b2864f09efcbd4fe95b2cf3747dc294', 5, 1, 'dom@mail.com', '[]', 0, '2019-07-14 07:07:21', '2019-07-14 07:07:21', '2020-07-14 04:07:21'),
('51186b18cf044f2d0ee23a481864072bf072f5da256156d3a396b9817c47dc71d4afcaa6153b5c34', 4, 1, 'ph@mail.com', '[]', 0, '2019-07-13 20:55:01', '2019-07-13 20:55:01', '2020-07-13 17:55:01'),
('511b98694bc92d0cd380fbb922d8324a3644b728930c2d24743ad01cec40439ce37aee1c43c083b8', 4, 3, 'ph@mail.com', '[]', 0, '2019-07-24 07:14:50', '2019-07-24 07:14:50', '2020-07-24 04:14:50'),
('5129cf5a0e8215565f791aa4a1cd4b99fd64226aeb61ed1953517ca83e7919c803b4db3c884df687', 6, 3, 'dinha@mail.com', '[]', 0, '2019-07-21 23:57:47', '2019-07-21 23:57:47', '2020-07-21 20:57:47'),
('51fc99a9b7cf3e6e99043c64f64f3f9cbe00264ad8300cfc89537eda7764dc82daa23f6defb8a9c8', 4, 3, 'ph@mail.com', '[]', 0, '2019-07-14 23:13:27', '2019-07-14 23:13:27', '2020-07-14 20:13:27'),
('52deb7d7a3142a4dadd8fe677fc1206e6cae1b29fe0500a5dd626b34fc066671aaee1fed09d411c0', 5, 3, 'domingos@mail.com', '[]', 0, '2019-07-21 21:58:28', '2019-07-21 21:58:28', '2020-07-21 18:58:28'),
('533c4d0c6ac653856a97a0d4961551b1928386f96d9cc39f22db03838bb4f44c5ccf3026b8d3b118', 5, 3, 'domingos@mail.com', '[]', 0, '2019-07-21 18:05:08', '2019-07-21 18:05:08', '2020-07-21 15:05:08'),
('55b7587d2d42294f9cf9c3b3879140f2531b6e81dc295f0e1eb34e5291d28cfb1d549a969e430ae3', 5, 3, 'dom@mail.com', '[]', 0, '2019-07-15 04:01:13', '2019-07-15 04:01:13', '2020-07-15 01:01:13'),
('5705b20e560b6d8c64b57a5e41f4d42a9b500d931245add983a53108afdc9d848cfc91c78ea6c515', 4, 3, 'ph@mail.com', '[]', 0, '2019-07-16 05:06:47', '2019-07-16 05:06:47', '2020-07-16 02:06:47'),
('576020d1ecaa2200798d350e6e7d4cfcb7b3c00e18d42e896e9ab2a13f44840ab91ad785c22bb2a5', 5, 3, 'dom@mail.com', '[]', 0, '2019-07-17 04:24:45', '2019-07-17 04:24:45', '2020-07-17 01:24:45'),
('5892e909f04d7ae890fd93bf0edfd06bb23870772cf154ed47c07fba055a9cecc34765b5a5eec2c5', 5, 3, 'domingos@mail.com', '[]', 0, '2019-07-21 23:26:08', '2019-07-21 23:26:08', '2020-07-21 20:26:08'),
('58db04c4d970533bede3bfe7952547a71860623f9ee90ca672d6022ab22c7f2159d512fb7e9c44ce', 4, 3, 'ph@mail.com', '[]', 0, '2019-07-15 05:11:27', '2019-07-15 05:11:27', '2020-07-15 02:11:27'),
('5924546179991159d9db5e75ce864bcd739a5621985f48fea1fa49ed3cbeed1b98740b2e7ced0549', 4, 3, 'ph@mail.com', '[]', 0, '2019-07-22 00:02:11', '2019-07-22 00:02:11', '2020-07-21 21:02:11'),
('5977d8c7fbfd83c9cfa35129888818e8b2d56c6bac2929d2ca8ab9e42d7f4dd4bb7be98ba12d19c0', 4, 1, 'ph@mail.com', '[]', 0, '2019-07-14 01:12:13', '2019-07-14 01:12:13', '2020-07-13 22:12:13'),
('598d176a80b5a7160f135961e6b6f802192ea1be10fb21c1a4ae741aee545c4cd9f67ac965896c50', 4, 3, 'ph@mail.com', '[]', 0, '2019-07-27 09:02:30', '2019-07-27 09:02:30', '2020-07-27 06:02:30'),
('5990e624bbb0d3e9bc5b58460cf053c73d61ae1fd96e673c5d81281d3a148940006bd83f401fcdfe', 4, 1, 'ph@mail.com', '[]', 0, '2019-07-14 03:20:56', '2019-07-14 03:20:56', '2020-07-14 00:20:56'),
('5a1ce862cd68561c874b2e7f9d3761e20d206b85cdc213945d24eb1df94d18194a6a4468d3f409cc', 4, 3, 'ph@mail.com', '[]', 0, '2019-07-21 23:12:14', '2019-07-21 23:12:14', '2020-07-21 20:12:14'),
('5a719761c50e2087cac2142bcc2459839b9223379a27b2161852438b1660c56d954d9a89c5939273', 6, 3, 'dinha@mail.com', '[]', 0, '2019-07-17 04:54:09', '2019-07-17 04:54:09', '2020-07-17 01:54:09'),
('5a78297ebe7127ad4ab4448623f66d860055dbe3887c4425d09ec0f787907b370e7507f28ccac167', 4, 3, 'ph@mail.com', '[]', 0, '2019-07-24 04:42:31', '2019-07-24 04:42:31', '2020-07-24 01:42:31'),
('5b2f63dd23f1dcace71009cd9152f3d41336807b18e29f431f7acf804a0f09f3dfe0dd6ba1ac1958', 4, 3, 'ph@mail.com', '[]', 0, '2019-07-16 03:35:18', '2019-07-16 03:35:18', '2020-07-16 00:35:18'),
('5b405b99e3f0f19e34bbb7acad2010bb2869e64309da54ef6397ac180fc7993e72588c9c047c71a1', 4, 3, 'ph@mail.com', '[]', 0, '2019-07-16 02:57:06', '2019-07-16 02:57:06', '2020-07-15 23:57:06'),
('5b67e4e0e219ed39ea9451230c7c725676d07ddbd5dafc6c86d76f268a24fe04f7fed1bde82964a4', 4, 3, 'ph@mail.com', '[]', 0, '2019-07-16 02:59:12', '2019-07-16 02:59:12', '2020-07-15 23:59:12'),
('5d579ec7b2d0d2a748555464cd3281c4e8f44d20342562dc6a5e161ffdd2d873fdc2424df1829961', 4, 1, 'ph@mail.com', '[]', 0, '2019-07-13 23:00:47', '2019-07-13 23:00:47', '2020-07-13 20:00:47'),
('5db33f7e3a0d7193aa1e715638b5be378ac9ba1e9a24201afb967e6a82b7aa3c07d3f55d2d80ab63', 4, 3, 'ph@mail.com', '[]', 0, '2019-07-16 05:31:37', '2019-07-16 05:31:37', '2020-07-16 02:31:37'),
('5ddf30ca4bb09302d7ebfbaaeee6cf9fb35f216a97ad26e95dac71b07d7d1a35753dfb2dabaee78d', 4, 3, 'ph@mail.com', '[]', 0, '2019-07-16 06:47:40', '2019-07-16 06:47:40', '2020-07-16 03:47:40'),
('5dfd84259d0b5d0bb4eed2aafa9df4f156abd9fcea92c0bd3a59df299e97d1faab11aba60caa2f6a', 6, 3, 'dinha@mail.com', '[]', 0, '2019-07-16 06:52:25', '2019-07-16 06:52:25', '2020-07-16 03:52:25'),
('5f806a63bd9da776565d0645cdc05dfbcb4aeb23c74bb90f683ffe05ce836dfcc65cff2b823858a0', 4, 3, 'ph@mail.com', '[]', 0, '2019-07-21 17:05:56', '2019-07-21 17:05:56', '2020-07-21 14:05:56'),
('5f981e6fec02950aa6bfba8195c4ec8ca8046b797f2b3e9e4991c4370f2286d045faeeb659b0ba8b', 8, 3, 'eafp@mail.com', '[]', 0, '2019-07-16 06:30:43', '2019-07-16 06:30:43', '2020-07-16 03:30:43'),
('5ff3c3044a7c83d4522dd2e985838c569f1344e45d7adb87328f5dccfed8323400f30e0ce65c1bc3', 5, 3, 'domingos@mail.com', '[]', 0, '2019-07-21 20:21:50', '2019-07-21 20:21:50', '2020-07-21 17:21:50'),
('5ff6894e64cca3f482d7f3ccf83ae0d27f423a2aca21c4e85e39fb91064ccf13a8fc6199b19f493e', 4, 3, 'ph@mail.com', '[]', 0, '2019-07-24 03:19:32', '2019-07-24 03:19:32', '2020-07-24 00:19:32'),
('607197d5b9ea4c24e18b3e5de1789dd3326f4388877d2c93987acdeca14fc0d6004b28d7de636812', 7, 3, 'tiana@mail.com', '[]', 0, '2019-07-15 00:12:52', '2019-07-15 00:12:52', '2020-07-14 21:12:52'),
('60c380e51cd7ebd04499021ea3419e574b4c7643f9e7f139976965c403699db396bc7e19d1d118b3', 4, 3, 'ph@mail.com', '[]', 0, '2019-07-24 05:34:18', '2019-07-24 05:34:18', '2020-07-24 02:34:18'),
('6156e0c42579ae91d48544c20b2ddecded8a0dfd27d259177c6ba98e210d1412af3985f3752af427', 3, 1, 'rick@mail.com', '[]', 0, '2019-07-12 04:43:59', '2019-07-12 04:43:59', '2020-07-12 01:43:59'),
('617cee730919e74b054a3c5062939ae2f907a63db4ac52159f2137e9634375c3f1cdc60e26468605', 4, 1, 'ph@mail.com', '[]', 0, '2019-07-13 22:12:13', '2019-07-13 22:12:13', '2020-07-13 19:12:13'),
('61891e5f00b351f835f8b82d732f0eb152bb97807348fc33be8cc6844d35807266b91e582251d4af', 4, 3, 'ph@mail.com', '[]', 0, '2019-07-16 04:01:02', '2019-07-16 04:01:02', '2020-07-16 01:01:02'),
('61e3f4f21ca945c68a9c484238814c6c97c030c3f60ee1fac63cbc2a2b660bfdb147cc5db9acc4ef', 5, 3, 'dom@mail.com', '[]', 0, '2019-07-14 23:17:40', '2019-07-14 23:17:40', '2020-07-14 20:17:40'),
('6310d834ebf58175abab7e77f354f886553583b86c91a11a6a9e957c126ed50d56f1087e98e739be', 4, 1, 'ph@mail.com', '[]', 0, '2019-07-14 21:24:57', '2019-07-14 21:24:57', '2020-07-14 18:24:57'),
('6336165f3a27e45a3309cb2c65a541b36c2112c9066c8ea269e990999b2d6a8252ac713950b750f3', 4, 3, 'ph@mail.com', '[]', 0, '2019-07-16 03:46:08', '2019-07-16 03:46:08', '2020-07-16 00:46:08'),
('655622cf07d39831b489dcbfcede136d236ea4abe23c393cd80b777c1071db90c0102d6bfc03b6f0', 4, 3, 'ph@mail.com', '[]', 0, '2019-07-16 04:21:46', '2019-07-16 04:21:46', '2020-07-16 01:21:46'),
('65e0ee47c0c77aa89a274b3d8ecd0945b78937ca701460afaf3d15936ef66b7f9db304098ac34163', 4, 3, 'ph@mail.com', '[]', 0, '2019-07-16 07:06:07', '2019-07-16 07:06:07', '2020-07-16 04:06:07'),
('6612438abb6ecef47e81250e6e366c718afe5d66ce0d6ecb1606bc76756c146d0995a232ddf83283', 7, 3, 'tiana@mail.com', '[]', 0, '2019-07-21 23:32:28', '2019-07-21 23:32:28', '2020-07-21 20:32:28'),
('6737161323ee4e643583aaa8c87d52227d08a58d75fffd099ffd36d4e1966ed8515d76d8a73dff5c', 29, 3, 'page@mail.com', '[]', 0, '2019-07-24 05:44:31', '2019-07-24 05:44:31', '2020-07-24 02:44:31'),
('6792afa1aa872b06f168f05b782ad29976eb9997b0ccf97da243da54ae680da3331b34f0b655ec86', 4, 3, 'ph@mail.com', '[]', 0, '2019-07-16 06:50:34', '2019-07-16 06:50:34', '2020-07-16 03:50:34'),
('68793bbc3ea461b43d008a6a22054b605646cb99de966b39f9e0d7f868904caaa334dae806efedd8', 5, 3, 'dom@mail.com', '[]', 0, '2019-07-21 18:01:19', '2019-07-21 18:01:19', '2020-07-21 15:01:19'),
('69ebc9b6697f516b6c75f8f55a291df0c484be03c2c994fe42c0686934d19489c34c4dadea99e87f', 4, 1, 'ph@mail.com', '[]', 0, '2019-07-14 04:32:04', '2019-07-14 04:32:04', '2020-07-14 01:32:04'),
('6a29e6ae9d55552d8a51557ec4e84cd36840a1c35f1f91c22bb8cf2d7c9794b1b395bb29d69119e1', 6, 3, 'dinha@mail.com', '[]', 0, '2019-07-18 04:51:19', '2019-07-18 04:51:19', '2020-07-18 01:51:19'),
('6a2a057d596e13193c56ef0b05c1ad52eb2e7ce9c60dbeae2168e0c4d96bd41354c35b9d268c75cb', 5, 3, 'domingos@mail.com', '[]', 0, '2019-07-21 23:10:54', '2019-07-21 23:10:54', '2020-07-21 20:10:54'),
('6ca1fbcd4388d5b7876bc4aa15992a51bdc72ebd102290a23790e76f71ea78ea376c54a05a1bf7ee', 5, 1, 'dom@mail.com', '[]', 0, '2019-07-14 03:52:03', '2019-07-14 03:52:03', '2020-07-14 00:52:03'),
('6cbab9935586677c7d97cf2b98f95fde0122f9747320631b7f4bc6c18c4a416d8d40304cc49fa531', 4, 3, 'ph@mail.com', '[]', 0, '2019-07-24 04:58:03', '2019-07-24 04:58:03', '2020-07-24 01:58:03'),
('6ccbbbe11a40a853f1c8b14e418432efc4584d51b313c6a60eae0af1d2bc40aa2590056a9d297d0f', 4, 3, 'ph@mail.com', '[]', 0, '2019-07-22 02:32:13', '2019-07-22 02:32:13', '2020-07-21 23:32:13'),
('6d236507d118ed4b3af3b0e4e51d41a1676ee696f00e0aa086c4b1c1927295cd5ed68ad913819f81', 4, 3, 'ph@mail.com', '[]', 0, '2019-07-22 04:07:09', '2019-07-22 04:07:09', '2020-07-22 01:07:09'),
('6db15c213cd75f9949e0c211c9f1fe69ccf075943e58e92c80c9fd6a0cc9478f39e337764d4277a3', 26, 3, 'caetano@mail.com', '[]', 0, '2019-07-24 05:28:13', '2019-07-24 05:28:13', '2020-07-24 02:28:13'),
('6dcb5e5ced1776f20b26e9a481d85bc118ae5971bef74047bc342dd37bda72dc50e7f77107e31a28', 4, 3, 'ph@mail.com', '[]', 0, '2019-07-16 06:33:08', '2019-07-16 06:33:08', '2020-07-16 03:33:08'),
('6e8d23cb52d5eea3473a9a6d1fcad07231b03e9e333356a9edbea11a8a19ca1bc293f69f2d92c400', 4, 1, 'ph@mail.com', '[]', 0, '2019-07-11 02:06:52', '2019-07-11 02:06:52', '2020-07-10 23:06:52'),
('70126b9626aeee32f984580fcdc55ea1de568e433c7c177925645a8ed7979c36f6ab9a29c3bcb1ac', 4, 1, 'ph@mail.com', '[]', 0, '2019-07-14 01:03:00', '2019-07-14 01:03:00', '2020-07-13 22:03:00'),
('74381b40e6d176be7ef0c431ef93814071af3336c56d2376d84389179fa67094c0c35e0f76b0c58c', 5, 3, 'domingos@mail.com', '[]', 0, '2019-07-21 23:10:02', '2019-07-21 23:10:02', '2020-07-21 20:10:02'),
('74e3501271bac63d18bed394c7d1ab5c67ec7c006dda64d8f82c45fde3db4bf6454c91e5d7c4bd8e', 5, 3, 'domingos@mail.com', '[]', 0, '2019-07-21 23:13:22', '2019-07-21 23:13:22', '2020-07-21 20:13:22'),
('7524adc388d16156cd2a440e68f2f8efb5636891d49e658dbd4bd91d2d3e47e0a0269a760353a3d3', 4, 1, 'ph@mail.com', '[]', 0, '2019-07-12 04:28:26', '2019-07-12 04:28:26', '2020-07-12 01:28:26'),
('752537c36ee2a3f91f69f2db25c0994c2933c43565c665d1ea2fd98ddcf250e59f4e599ae86f83c9', 5, 3, 'domingos@mail.com', '[]', 0, '2019-07-21 20:26:14', '2019-07-21 20:26:14', '2020-07-21 17:26:14'),
('75d2b5a1affc86fbbec6238e0d4c840aaf83b916fa1dd1287f95a529989c8cb8bcef0859fcd24d94', 4, 1, 'ph@mail.com', '[]', 0, '2019-07-14 00:59:18', '2019-07-14 00:59:18', '2020-07-13 21:59:18'),
('7638e65922c8e83cd8a3910124c791105f34ff4fe3badc2d2159ce6a064adeaeb74fe1be5e9bc9ea', 4, 3, 'ph@mail.com', '[]', 0, '2019-07-14 23:39:16', '2019-07-14 23:39:16', '2020-07-14 20:39:16'),
('767d2a24f81100336d58b1c751796ece620b7539b7b56e24d048d57fde63b3cf3b4163919e1abdfa', 4, 1, 'ph@mail.com', '[]', 0, '2019-07-12 05:30:42', '2019-07-12 05:30:42', '2020-07-12 02:30:42'),
('78384dc484b452ebee97944e4e9ef313dd55d176ea9e53b69b005d2e0d22e0370621efb8438499b2', 4, 3, 'ph@mail.com', '[]', 0, '2019-07-15 04:15:17', '2019-07-15 04:15:17', '2020-07-15 01:15:17'),
('785e12239f63eeab1fe26b4f6cd65e7e37192eaa889295fc48852649303fd7d4375e503eba44efc4', 4, 1, 'ph@mail.com', '[]', 0, '2019-07-13 21:48:32', '2019-07-13 21:48:32', '2020-07-13 18:48:32'),
('78a40883b32cf96c9e2b6c176b0d47bc85a6240a6d7328191c3238f9089149980e6bbb938638c458', 4, 1, 'ph@mail.com', '[]', 0, '2019-07-13 22:56:57', '2019-07-13 22:56:57', '2020-07-13 19:56:57'),
('78f5db32357ea1c6b9f86ee7388e4fa763018f7cd56c9e73f7ebd2b137c5bae463dc897e9425cd4b', 4, 3, 'ph@mail.com', '[]', 0, '2019-07-16 03:04:47', '2019-07-16 03:04:47', '2020-07-16 00:04:47'),
('7a550bb03c20c8a97ecc8bf9f90790feeb4e0f00ef1a9183967b8d77c1289aa6b6af5340947e714c', 4, 3, 'ph@mail.com', '[]', 0, '2019-07-21 23:58:55', '2019-07-21 23:58:55', '2020-07-21 20:58:55'),
('7a694033d43a5e15d29344e7379a1a342c9b9d035ba27ecd3bc4e67d3003f8769c70f8913dfd1b88', 4, 3, 'ph@mail.com', '[]', 0, '2019-07-16 05:46:01', '2019-07-16 05:46:01', '2020-07-16 02:46:01'),
('7acccd50708d6c07129bfec2958bf5dbfc9abca92f3823f073b19582c4119fccc570110423b9eeb2', 4, 1, 'ph@mail.com', '[]', 0, '2019-07-13 06:00:41', '2019-07-13 06:00:41', '2020-07-13 03:00:41'),
('7bd87c786c54ac942289d40568811dae308379e9c3620340d478e5a03bef80e72afd575662a553e0', 4, 3, 'ph@mail.com', '[]', 0, '2019-07-14 23:06:46', '2019-07-14 23:06:46', '2020-07-14 20:06:46'),
('7c7cedb35370f143523bda2bb3314e10cb26fdec1b1ae15cde24c8a52db426c44064315dd94652bf', 4, 1, 'ph@mail.com', '[]', 0, '2019-07-13 21:10:29', '2019-07-13 21:10:29', '2020-07-13 18:10:29'),
('7d49c577a02cb28dd315956b56a27c628b3b1d889bacf5681e95983ef762befed04ae4ef0fe5cd42', 4, 1, 'ph@mail.com', '[]', 0, '2019-07-13 23:28:11', '2019-07-13 23:28:11', '2020-07-13 20:28:11'),
('7d556eaebe9dc8e6c84585d3a78857c08946ef84f375418ed4b18480cad1b9709c8b8a422c040350', 4, 3, 'ph@mail.com', '[]', 0, '2019-07-21 23:11:23', '2019-07-21 23:11:23', '2020-07-21 20:11:23'),
('7de830fe5b02be1b762ef8310568bcc48c3c0eb2f321a2a0f061681ee43819f32a11c90ebf8ce072', 6, 3, 'dinha@mail.com', '[]', 0, '2019-07-22 00:14:02', '2019-07-22 00:14:02', '2020-07-21 21:14:02'),
('7dfbecfd02c50ef7f359d9defedb28bb1da74e71654e7028e0f68c1066c81f8fb712b10d450682b0', 19, 3, 'enzo@mail.com', '[]', 0, '2019-07-21 23:49:46', '2019-07-21 23:49:46', '2020-07-21 20:49:46'),
('7ed9bb55a1c820811e2a4445e48d6e9d2743a6cade43d4a0f3c1ae286a77bda6fba9fe5a149739e9', 4, 3, 'ph@mail.com', '[]', 0, '2019-07-16 03:48:33', '2019-07-16 03:48:33', '2020-07-16 00:48:33'),
('7f330400afe064a055b8e6d1800c75efe04b735429a857402fb0f6c1416fe412ba36d5c3a846c0d7', 4, 3, 'ph@mail.com', '[]', 0, '2019-07-21 23:40:17', '2019-07-21 23:40:17', '2020-07-21 20:40:17'),
('7f66362326f16a9ce84f81e594aa36d94eddcf0eb79917c601bbed34ba1e7122912aeb2f83a1d1b1', 4, 3, 'ph@mail.com', '[]', 0, '2019-07-25 05:32:48', '2019-07-25 05:32:48', '2020-07-25 02:32:48'),
('80c8dca87b50182e14a8f1ed33d9a240cb8474f750de8687ca90de3f06e820622ef6a942a8189381', 20, 3, 'fernanda@mail.com', '[]', 0, '2019-07-22 00:01:50', '2019-07-22 00:01:50', '2020-07-21 21:01:50'),
('81e86bbb0815e4b62606e97759a56d0660c8126c440a1e3605581e3f06e594ea0686c174392c55eb', 4, 3, 'ph@mail.com', '[]', 0, '2019-07-25 04:43:29', '2019-07-25 04:43:29', '2020-07-25 01:43:29'),
('8328e76b3f07f9858a794b41d6e938f674a9b4ea717af55100b3a36ca8c6683d252ece558e5ea580', 4, 3, 'ph@mail.com', '[]', 0, '2019-07-16 06:21:12', '2019-07-16 06:21:12', '2020-07-16 03:21:12'),
('83523c0cb83ff6e6ae55028a0cc688a0044b259d6b81d7d86310d3e13d3403cd78ca5a861c9c8cab', 5, 3, 'domingos@mail.com', '[]', 0, '2019-07-21 20:24:09', '2019-07-21 20:24:09', '2020-07-21 17:24:09'),
('84d97a25b99d61f31fe9d992a86634dbf201a9da615ebbec25b4fff12d0defe0bb2dc57ae0c6419c', 5, 3, 'domingos@mail.com', '[]', 0, '2019-07-21 18:05:22', '2019-07-21 18:05:22', '2020-07-21 15:05:22'),
('8587d1c88a3a4ed3e51de44084c2dded3ea70ba8e2d4569ea16569828f47dd87a68cc123c294b085', 4, 1, 'ph@mail.com', '[]', 0, '2019-07-12 05:38:04', '2019-07-12 05:38:04', '2020-07-12 02:38:04'),
('85dcaf55b075a6bc4d0b9d66b6c5868674a94cc1aa7555f01e00e06a6147655c46688138d568a756', 4, 1, 'ph@mail.com', '[]', 0, '2019-07-13 23:38:28', '2019-07-13 23:38:28', '2020-07-13 20:38:28'),
('8678e619b6ec5ad648e26c202793c2790d41fbec37b34b6e045650db79c282424273eadcf4fc8d9d', 4, 3, 'ph@mail.com', '[]', 0, '2019-07-24 07:01:59', '2019-07-24 07:01:59', '2020-07-24 04:01:59'),
('871b412cabcedde953bd1b5e93ffcd920da26450dd7de0f6da49769870d3540c8e60a9e780fbf8c9', 4, 1, 'ph@mail.com', '[]', 0, '2019-07-13 23:52:54', '2019-07-13 23:52:54', '2020-07-13 20:52:54'),
('877f197c25ba8ee770087627d707c4780bf4e2ad60db74bda4213babcb4aa485f205bbfe8c59ea84', 4, 3, 'ph@mail.com', '[]', 0, '2019-07-16 03:15:11', '2019-07-16 03:15:11', '2020-07-16 00:15:11'),
('87e410a4dd04b4f8981595113a60fa5f54e9d8f9fa16ff2fe6dedda58943a100d3bad5d2bb5719a7', 4, 3, 'ph@mail.com', '[]', 0, '2019-07-16 07:28:36', '2019-07-16 07:28:36', '2020-07-16 04:28:36'),
('881e1402cd37c231e64872a6b933eb9ca01bfb3eb21b4d905cd4c3ab0dde240ca795dadba5dc39a8', 4, 1, 'ph@mail.com', '[]', 0, '2019-07-14 00:32:01', '2019-07-14 00:32:01', '2020-07-13 21:32:01'),
('88346f5d940cbcae922062795911133e0fd4141f24c4727f4099aa2508e48cc83e00157ded25e05e', 4, 3, 'ph@mail.com', '[]', 0, '2019-07-22 00:29:40', '2019-07-22 00:29:40', '2020-07-21 21:29:40'),
('88a09ae4b8babb633539d50c4522bad96302147c8651da3ac307bb367a87fdf137005f1ebbeabf59', 4, 3, 'ph@mail.com', '[]', 0, '2019-07-22 03:38:42', '2019-07-22 03:38:42', '2020-07-22 00:38:42'),
('8978948f8a6957658d8ff9f153d3b1d19fc01fd76db5a3d2688e4e67245ac9ac7bc3ad75625adb58', 4, 3, 'ph@mail.com', '[]', 0, '2019-07-22 03:41:52', '2019-07-22 03:41:52', '2020-07-22 00:41:52'),
('8992f655a8b45a0d0957e922bd19e7fc684ae3c14dc58cc3e3aee9000778f835b499821c38dfde64', 13, 1, 'phfp@mail.com', '[]', 0, '2019-07-14 20:22:36', '2019-07-14 20:22:36', '2020-07-14 17:22:36'),
('8a02ba70c8e3c1da56a5a40714bc6af308e09a8b4fdad830ac45d2ba7898b0ffd8f4a0707be598d5', 4, 3, 'ph@mail.com', '[]', 0, '2019-07-16 05:34:07', '2019-07-16 05:34:07', '2020-07-16 02:34:07'),
('8c12f8b4fe1907c603b7e3474d44b031863e735bd4f0ed52068f81b27f45227a98d903b55684fe62', 4, 3, 'ph@mail.com', '[]', 0, '2019-07-16 05:45:47', '2019-07-16 05:45:47', '2020-07-16 02:45:47'),
('8c15782641c110a365f28d66c3c18ac195bd6eca0d513fff58486cd80ea63bb9987366318ddb840e', 12, 1, 'mari@mail.com', '[]', 0, '2019-07-14 20:21:40', '2019-07-14 20:21:40', '2020-07-14 17:21:40'),
('8d04c7a7515625f9bafa32e5f018f5aa5f6cb1b4f2948dcf3246d9065b0e0a8c1d8bec16decd00de', 11, 1, 'mary@mail.com', '[]', 0, '2019-07-14 20:19:13', '2019-07-14 20:19:13', '2020-07-14 17:19:13'),
('8d924a801501a34910cc49ea9eaa408e87bd3f3b30d60e532751817a49bf542636f861a57704c82e', 28, 3, 'nina@mail.com', '[]', 0, '2019-07-24 05:44:14', '2019-07-24 05:44:14', '2020-07-24 02:44:14'),
('8db4a4e9ee0a1f94188693ac56d2429c0de725d248e088394e5dd2e6ef0c16e3c45d6ce850240692', 4, 3, 'ph@mail.com', '[]', 0, '2019-07-16 03:38:16', '2019-07-16 03:38:16', '2020-07-16 00:38:16'),
('8decfe61e2588cf159b362400aef47768bf94f9d3ce1f33575ae611779cb26f5a803e5b5dfefb6b1', 4, 1, 'ph@mail.com', '[]', 0, '2019-07-13 21:02:29', '2019-07-13 21:02:29', '2020-07-13 18:02:29'),
('8f0a845cb66a28578e2b6fc81a94f7033717dc32c200bd37d8eead719dee97f62bc59db0d0632026', 4, 3, 'ph@mail.com', '[]', 0, '2019-07-24 07:13:54', '2019-07-24 07:13:54', '2020-07-24 04:13:54'),
('9114fcb399c967b6064a2b5ce395573530e96de89ada07d4d5c15ed0442201467db8b53a43e0d0ec', 4, 1, 'ph@mail.com', '[]', 0, '2019-07-13 20:48:34', '2019-07-13 20:48:34', '2020-07-13 17:48:34'),
('918defb425d29e4324a62453d80244c33334759779991743f49a9beae273d69c5e06269f3447168a', 4, 1, 'ph@mail.com', '[]', 0, '2019-07-13 22:38:18', '2019-07-13 22:38:18', '2020-07-13 19:38:18'),
('920dc0e54b5561216e3046a871d2d978bde63376c0d6479f2236f7c446aeffa40942a3cf4c87f40c', 4, 3, 'ph@mail.com', '[]', 0, '2019-07-15 04:13:07', '2019-07-15 04:13:07', '2020-07-15 01:13:07'),
('939bd2bd0be4f1f7cf5a2be186a18039e796dd044ba1ccfb7a5ad0883e01dfe5efb9f7cf5af24ce2', 4, 3, 'ph@mail.com', '[]', 0, '2019-07-14 23:14:18', '2019-07-14 23:14:18', '2020-07-14 20:14:18'),
('950467bfdab3791edcb809b67c0563e5a5a6be7796585f0cd3ce6ce25a3055460c08ef0950ee1c56', 22, 3, 'elias@mail.com', '[]', 0, '2019-07-22 02:03:47', '2019-07-22 02:03:47', '2020-07-21 23:03:47'),
('9521e84c285a382e8cc40c34ed29fed7c0f865889fdb4b0b0eafd0253c25ec8c6ffcc45fdfd7fc6d', 5, 3, 'domingos@mail.com', '[]', 0, '2019-07-21 22:31:52', '2019-07-21 22:31:52', '2020-07-21 19:31:52'),
('95e18096fd8fc5472518d56d95138ee3704df0c02b38e7e20a3ca65b401915e627540e0a2722691e', 5, 3, 'domingos@mail.com', '[]', 0, '2019-07-21 21:14:36', '2019-07-21 21:14:36', '2020-07-21 18:14:36'),
('96a0f501b3d6b3bdd9a82cb36ad0bd5b0b9e01b9aff4470cc4816cac863e0b90f78ee760afaa5419', 33, 3, 'fernanda@mail.com', '[]', 0, '2019-07-27 09:03:03', '2019-07-27 09:03:03', '2020-07-27 06:03:03'),
('96ca49f3fa8a5b7e04e6ba757de67d7ee20a9f6f6fb8c5393e6b762c2d849af1f4fd01132a514188', 4, 3, 'ph@mail.com', '[]', 0, '2019-07-17 06:35:37', '2019-07-17 06:35:37', '2020-07-17 03:35:37'),
('9715bd9d284a803ac9351a999ed25491cb2c5e596ba67e183ca744de8c5e3be6c6064e3df02c8650', 4, 1, 'ph@mail.com', '[]', 0, '2019-07-11 05:12:41', '2019-07-11 05:12:41', '2020-07-11 02:12:41'),
('976f0bb75fde7d65a55ed0f5a590fcb64852d00263a64a8146476bcea67e18063cb0e4938c691450', 4, 1, 'ph@mail.com', '[]', 0, '2019-07-13 23:26:02', '2019-07-13 23:26:02', '2020-07-13 20:26:02'),
('97752d22191f6b179fe85899eca4f09d7a00c05e310c939d7984dd1713d365a6010b1735298e2f62', 4, 1, 'ph@mail.com', '[]', 0, '2019-07-14 19:32:36', '2019-07-14 19:32:36', '2020-07-14 16:32:36'),
('9849e0df348e16aa07c690ab7dfdccfae06368aed8861236bd12777cb38bc32c61cc9abe59104a9b', 4, 1, 'ph@mail.com', '[]', 0, '2019-07-09 05:40:32', '2019-07-09 05:40:32', '2020-07-09 02:40:32'),
('99358575ec93f5cacc659319fd7fb685b92b2dcd1ba106c626f31129d7cfaa3b73ba875b7a5a89b3', 8, 3, 'eafp@mail.com', '[]', 0, '2019-07-16 06:59:02', '2019-07-16 06:59:02', '2020-07-16 03:59:02'),
('9a04958880c7e740a93ea60954f442bb073c197aade60e0eb337c96ca2a5918f4ceab63d3777332e', 4, 3, 'ph@mail.com', '[]', 0, '2019-07-14 23:58:06', '2019-07-14 23:58:06', '2020-07-14 20:58:06'),
('9a31a128ee7a4fcd1de06067e6e2197311ed71a4bb2a3edeaedd2ce61b019a4d2a34de00631cc159', 4, 1, 'ph@mail.com', '[]', 0, '2019-07-14 00:57:37', '2019-07-14 00:57:37', '2020-07-13 21:57:37'),
('9ade4597c0394204af67e675e523e6097901dc89a573cb9820ea29d26a8195c601756df64f5d61ee', 25, 3, 'bbk@mail.com', '[]', 0, '2019-07-24 05:16:46', '2019-07-24 05:16:46', '2020-07-24 02:16:46'),
('9ba148124e26dc49b0b2abb41a1b9838a23f1398545e32931981bd57b4207b0283f1e5e7cd0b21b3', 23, 3, 'enzo@mail.com', '[]', 0, '2019-07-24 04:28:21', '2019-07-24 04:28:21', '2020-07-24 01:28:21'),
('9c154124f86b1f08eeb7059a810ec982526e42abc4d937775cd2cb0efc832da30637447227007d48', 22, 3, 'elias@mail.com', '[]', 0, '2019-07-22 02:07:47', '2019-07-22 02:07:47', '2020-07-21 23:07:47'),
('9c4123ad81f95d25296b42c38f86c92112bbff004e68df7250db6ea49b36ff6fe6c435ab98049c46', 4, 1, 'ph@mail.com', '[]', 0, '2019-07-12 04:06:16', '2019-07-12 04:06:16', '2020-07-12 01:06:16'),
('9f3626b90ee74e480cab0781d53134f69e178b8d9fed447fa20c2165527c2a10e6449f40d6618aad', 4, 1, 'ph@mail.com', '[]', 0, '2019-07-13 22:04:28', '2019-07-13 22:04:28', '2020-07-13 19:04:28'),
('9f5f1c160086ea879bf1a90267c457551b059d05c53f1af467469648d9ae44c2587800ea436aa1db', 4, 1, 'ph@mail.com', '[]', 0, '2019-07-14 07:39:21', '2019-07-14 07:39:21', '2020-07-14 04:39:21'),
('9fb9d45b3281b895cf38722232a5083b6a016c3736a97f6bdb7d3ceff096b41695a7cfb3df03ed11', 6, 3, 'dinha@mail.com', '[]', 0, '2019-07-17 19:48:59', '2019-07-17 19:48:59', '2020-07-17 16:48:59'),
('9fc94595e6eb9a0965ea1f9d77bd201ffba37d2659e6e8bbc03ba5aff6bce12af7cc849b64946d6d', 33, 3, 'fernanda@mail.com', '[]', 0, '2019-07-27 09:02:53', '2019-07-27 09:02:53', '2020-07-27 06:02:53'),
('a0788285ed68f3eeb5e9c02260a8b51a44e4b978b8e2f914f6adda23eba8e6f1411ae23df9f0a0bd', 23, 3, 'diego@mail.com', '[]', 0, '2019-07-22 02:10:43', '2019-07-22 02:10:43', '2020-07-21 23:10:43'),
('a0e42d7e3e0b9560c3fb053f78e6281abfc27d6a33812e366903df4b26cf85008e1894d215bf1f11', 21, 3, 'elias@mail.com', '[]', 0, '2019-07-22 00:14:21', '2019-07-22 00:14:21', '2020-07-21 21:14:21'),
('a1bbb9950ddd4380dc2c2b6f4aa080890716bc7e97424eaab8219431ebe619b47334d8079ed08e7c', 5, 3, 'domingos@mail.com', '[]', 0, '2019-07-21 20:41:15', '2019-07-21 20:41:15', '2020-07-21 17:41:15'),
('a25da7e3e4812196f3b2a22881b511ad821a6ec5301916f99e863567dec475ea998512cf29a6a99b', 5, 1, 'dom@mail.com', '[]', 0, '2019-07-14 20:06:39', '2019-07-14 20:06:39', '2020-07-14 17:06:39'),
('a2c8a95d14118e54b2360bb23cb2b7af7ad61cd1a953930e1afe1cffaa325837cebf3508928e5dc1', 5, 3, 'dom@mail.com', '[]', 0, '2019-07-16 03:52:32', '2019-07-16 03:52:32', '2020-07-16 00:52:32'),
('a384ea60d350fb0885c85e60f7e8a943423de48ecd631a2d0d5553d30fe839485ab39feb3a08e602', 4, 1, 'ph@mail.com', '[]', 0, '2019-07-09 04:28:27', '2019-07-09 04:28:27', '2020-07-09 01:28:27'),
('a4b634565d8e8a3bbfcc965fd24e4587ae73484670142ffffb569fe380d219c6b6dee2c20de0db1b', 4, 3, 'ph@mail.com', '[]', 0, '2019-07-16 04:16:52', '2019-07-16 04:16:52', '2020-07-16 01:16:52'),
('a50d7e4a949738dd33f4a526efcf507bf18ed0274a5f096400852ebcdaf5e01e8cb1cdb2ed20cd7c', 4, 3, 'ph@mail.com', '[]', 0, '2019-07-22 03:40:55', '2019-07-22 03:40:55', '2020-07-22 00:40:55'),
('a529e75ef09d6d02b48664d7964ac74887a592b14827f222ec07a35a06c7e7c77b3a318826b10e38', 4, 3, 'ph@mail.com', '[]', 0, '2019-07-16 03:08:17', '2019-07-16 03:08:17', '2020-07-16 00:08:17'),
('a5d20351e6a17816a8856e34fa7c260dc40fc9e74f818c5f7b3f4d5ced74d801d9398ff2ed5fc806', 4, 3, 'ph@mail.com', '[]', 0, '2019-07-24 04:42:15', '2019-07-24 04:42:15', '2020-07-24 01:42:15'),
('a5d5da2fe58fc38abf66b211fd09eb7137e7c8abc9b4fe9b90bc543a669821e1aea1750a286e4bf8', 5, 3, 'dom@mail.com', '[]', 0, '2019-07-21 17:24:50', '2019-07-21 17:24:50', '2020-07-21 14:24:50'),
('a65300126e7e70180901431b962c6d87fcc9bec7d7cd78a5af236a04b38b917e0d383c531fd556ba', 5, 3, 'dom@mail.com', '[]', 0, '2019-07-16 03:46:29', '2019-07-16 03:46:29', '2020-07-16 00:46:29'),
('a6b83552debd3139dba0a7d3c9b51d64da691839b2c698cfa3176a25625ff5ebc9ac34af415f2e3f', 5, 3, 'domingos@mail.com', '[]', 0, '2019-07-21 23:35:22', '2019-07-21 23:35:22', '2020-07-21 20:35:22'),
('a77b4b30cfb7b0b7664fa7a1eacad009aeafeb656ceeec1e93029f1daccbfbba9896ca110a7b6492', 4, 3, 'ph@mail.com', '[]', 0, '2019-07-22 04:05:38', '2019-07-22 04:05:38', '2020-07-22 01:05:38'),
('a7818a01048bdba7e5ca615b6c9b08c1da565d561b0c9c850fa52a17b4debd501cbb3b90e7085a41', 23, 3, 'diego@mail.com', '[]', 0, '2019-07-22 02:10:08', '2019-07-22 02:10:08', '2020-07-21 23:10:08'),
('a7f883a6faf6c79081b4048fe77eef6c01c151d6400302efed6672754c7eee3731d42215603084e7', 4, 3, 'ph@mail.com', '[]', 0, '2019-07-22 00:39:43', '2019-07-22 00:39:43', '2020-07-21 21:39:43'),
('a85750230ca6465601a67b27f3ba8d442a91e6deed1cef5e12693d7b2418c82e4fe8bf4806791c5a', 5, 3, 'domingos@mail.com', '[]', 0, '2019-07-21 23:11:34', '2019-07-21 23:11:34', '2020-07-21 20:11:34'),
('a8b368a6b79b0738d79d854fbde90ba16522fcf725bd9daa619720c4cd8649da69c9cacf379d2191', 5, 1, 'dom@mail.com', '[]', 0, '2019-07-14 19:39:00', '2019-07-14 19:39:00', '2020-07-14 16:39:00'),
('a8dd83336f43334aa9a0bb3167c816b6d130dc3d6bc657cbb527f4540f69e68fc5dfd2838348a3b6', 7, 3, 'tiana@mail.com', '[]', 0, '2019-07-16 04:14:50', '2019-07-16 04:14:50', '2020-07-16 01:14:50'),
('a92471ed687d0724110f79db343b132baa42d6cb3f9e76a5a270b091ac43994f9e50b892a1cd966d', 4, 3, 'ph@mail.com', '[]', 0, '2019-07-14 23:11:56', '2019-07-14 23:11:56', '2020-07-14 20:11:56'),
('a943a2fb5669a31033105e36b6ea7fc2d015b1bd6460cb85e9949ac8ca0a21693a9e25b46c72d240', 16, 3, 'jh@mail.com', '[]', 0, '2019-07-16 07:29:31', '2019-07-16 07:29:31', '2020-07-16 04:29:31'),
('a974e5d7e7b5334e82eb3a6a8a3abb0f076443b8f92f31cad6674e7486ed8aa779670b7cc0e7100f', 4, 3, 'ph@mail.com', '[]', 0, '2019-07-16 03:11:59', '2019-07-16 03:11:59', '2020-07-16 00:11:59'),
('aabeba0828668be4c161a51f351d9feb05831eb0adad1cb836d7cca920fb157aef07ffdf501a184e', 4, 3, 'ph@mail.com', '[]', 0, '2019-07-16 05:02:28', '2019-07-16 05:02:28', '2020-07-16 02:02:28');
INSERT INTO `oauth_access_tokens` (`id`, `user_id`, `client_id`, `name`, `scopes`, `revoked`, `created_at`, `updated_at`, `expires_at`) VALUES
('ab308361df11f91085b01739953d719c3a594355f747de6bc574aadcb3c5e469a620d27c26015cc3', 4, 3, 'ph@mail.com', '[]', 0, '2019-07-14 23:58:58', '2019-07-14 23:58:58', '2020-07-14 20:58:58'),
('ab82fbc9167453bc052fc04bf63e58e160502b216601f1f6c44159cabde684c53c6f9721c436e212', 4, 3, 'ph@mail.com', '[]', 0, '2019-07-21 23:20:32', '2019-07-21 23:20:32', '2020-07-21 20:20:32'),
('ac07a23640ce550418ef0d4e0648186a10b568714f27a9ccdecf9de4bb48ef0b2d52bb888dcb3c82', 5, 3, 'dom@mail.com', '[]', 0, '2019-07-16 07:01:50', '2019-07-16 07:01:50', '2020-07-16 04:01:50'),
('acf0a41d53fcccdf4f6f7386575feaaa6b32de14e9b9f7edb06472a0c3888ca19f6f341767925829', 4, 3, 'ph@mail.com', '[]', 0, '2019-07-21 17:06:15', '2019-07-21 17:06:15', '2020-07-21 14:06:15'),
('ad632a0e8f81c68a8ff6c01d49c0ec7ab192fe72f14ecd507573b3111fb3fea2a2f9f5f82c2109c2', 5, 3, 'dom@mail.com', '[]', 0, '2019-07-16 03:35:42', '2019-07-16 03:35:42', '2020-07-16 00:35:42'),
('ad6e4e336065a84a61a8967d9982fd8c3209a36a740ec80edf87d29a18432a1da1230a3e322c9dcd', 22, 3, 'elias@mail.com', '[]', 0, '2019-07-24 03:38:25', '2019-07-24 03:38:25', '2020-07-24 00:38:25'),
('ad9350a4d0c520599e9647e975c38edd587171622d70f9f701699fda7313b026691d4e9797426167', 7, 3, 'tiana@mail.com', '[]', 0, '2019-07-16 06:40:24', '2019-07-16 06:40:24', '2020-07-16 03:40:24'),
('adb52dc67da7c565c853542f557c7f4a4f52cb6b8296bd9aa4f05091cdff6f58fb7c6f98bc544c86', 4, 3, 'ph@mail.com', '[]', 0, '2019-07-14 23:59:00', '2019-07-14 23:59:00', '2020-07-14 20:59:00'),
('ae2ce90dbd02b2aca3d0b5f28c7623579e02dbcf01020be5e9067f3f01d2615901067b5b2ac2fc4f', 5, 3, 'domingos@mail.com', '[]', 0, '2019-07-21 21:18:03', '2019-07-21 21:18:03', '2020-07-21 18:18:03'),
('aeb10de438ed38c80ed6c4117377b249f0459e2294992b57f02ffa0ee13c349c0c43af088ab253d9', 5, 3, 'domingos@mail.com', '[]', 0, '2019-07-21 22:42:48', '2019-07-21 22:42:48', '2020-07-21 19:42:48'),
('b008d3634c607d8f85df0dddf9fd58512b5fa18eb5aa71e45b4bf265a9cd2accad1759d03e4046c8', 5, 3, 'domingos@mail.com', '[]', 0, '2019-07-21 22:23:16', '2019-07-21 22:23:16', '2020-07-21 19:23:16'),
('b09385493dd112aa88d60444e6b0b679df939a57dda3387c337f8aa2d52589e6f226b62feb2aaf23', 4, 3, 'ph@mail.com', '[]', 0, '2019-07-14 23:17:53', '2019-07-14 23:17:53', '2020-07-14 20:17:53'),
('b0cdfb6fa63209a4985b1b4b3d63343debbede4045744da33f4ae4752045fc8a407518ac379542b9', 6, 3, 'dinha@mail.com', '[]', 0, '2019-07-17 19:49:54', '2019-07-17 19:49:54', '2020-07-17 16:49:54'),
('b0e9bde29dc895e16572dba0e78fb3fa89a9be41c1df0811f2def9d3c5623243935154c7e2659b83', 4, 3, 'ph@mail.com', '[]', 0, '2019-07-14 22:59:58', '2019-07-14 22:59:58', '2020-07-14 19:59:58'),
('b222dc028e87660ef8e3563e5e6ac4651203dc9b9121cdb323369428440200f01300bb41861b015f', 5, 3, 'dom@mail.com', '[]', 0, '2019-07-21 17:20:26', '2019-07-21 17:20:26', '2020-07-21 14:20:26'),
('b337b19ae40f2b80c0e9bcbc26c2541220b80d3ca3abcc803ea58b7b0f896eeb6ba3de880df4345e', 4, 3, 'ph@mail.com', '[]', 0, '2019-07-16 04:17:37', '2019-07-16 04:17:37', '2020-07-16 01:17:37'),
('b55321211a4d5d788a3f7a06dd363e34e1f73357bb90c61fed8eb33e2bc10c9818d036d6f2bb35dd', 5, 3, 'dom@mail.com', '[]', 0, '2019-07-21 17:20:18', '2019-07-21 17:20:18', '2020-07-21 14:20:18'),
('b562acec9ae28e57d1190268f9ce0c4780d325ad8dfa385624a09eab0300f74313054abaea73a5b1', 4, 3, 'ph@mail.com', '[]', 0, '2019-07-14 23:06:45', '2019-07-14 23:06:45', '2020-07-14 20:06:45'),
('b6c9d40c973efaf670fa41c90d9bef0888d164f98aafe16c689fcdde4cd277509a96cbde93b6498f', 4, 1, 'ph@mail.com', '[]', 0, '2019-07-12 05:00:43', '2019-07-12 05:00:43', '2020-07-12 02:00:43'),
('b70ec122acf6591cc1d0dc2fdcd6c6511e685cd0502b02f18d5e7c7a69a1c6ad241efd8d7b2b0fb4', 5, 3, 'domingos@mail.com', '[]', 0, '2019-07-21 23:36:10', '2019-07-21 23:36:10', '2020-07-21 20:36:10'),
('b93667ffa671183263c00aee0e69f7b7e565e517bf048cbc120f03c33aa7442f5f0de141f2df5bb8', 4, 1, 'ph@mail.com', '[]', 0, '2019-07-13 21:08:23', '2019-07-13 21:08:23', '2020-07-13 18:08:23'),
('b9ddf3b10cdf75ba37c29dcc4454ca1d9f9634f338ab891670c7afc01897f52ab9e8f6bccbef0c9c', 5, 3, 'domingos@mail.com', '[]', 0, '2019-07-21 23:11:12', '2019-07-21 23:11:12', '2020-07-21 20:11:12'),
('bac99e2e753cdd36e45c221a2986bd666108f465cb7cf16b2ec541304a9721dda80bf2fe2cbc619a', 5, 3, 'domingos@mail.com', '[]', 0, '2019-07-21 20:49:45', '2019-07-21 20:49:45', '2020-07-21 17:49:45'),
('bad5510d5fcd2f7dfd78f34c60d8555a2d5e6e826b173cd8e57a673f3f9de680a0a0fc0ba25e8753', 4, 1, 'ph@mail.com', '[]', 0, '2019-07-13 21:06:35', '2019-07-13 21:06:35', '2020-07-13 18:06:35'),
('bb14e2c4e46d50921318f39facab28aa6743a874e6e49bd69488a5ad0b82312212e7802308f8eee8', 4, 3, 'ph@mail.com', '[]', 0, '2019-07-14 23:06:44', '2019-07-14 23:06:44', '2020-07-14 20:06:44'),
('bca81224ab02703c40e1a1594e39036b1710a08f359fe44ad374034d1ea707c671a25a16aaa120da', 5, 3, 'domingos@mail.com', '[]', 0, '2019-07-21 23:20:12', '2019-07-21 23:20:12', '2020-07-21 20:20:12'),
('bd728ef84a635bceb2a17135182db5ee78534c0b3d85954b76af4e0ab4450559575d78b03897e629', 4, 1, 'ph@mail.com', '[]', 0, '2019-07-13 21:44:27', '2019-07-13 21:44:27', '2020-07-13 18:44:27'),
('bd81dddaf12d6c8b0c04cee77db64104fef7e5191fa5ee476fec80eee91f69bc965f57d443507fba', 5, 3, 'dom@mail.com', '[]', 0, '2019-07-16 05:32:01', '2019-07-16 05:32:01', '2020-07-16 02:32:01'),
('bda4171d34581017965c431465b4add31adb7d7e49d700e7ddbbd17bb62bed33ca1c704d9b4cb86f', 4, 1, 'ph@mail.com', '[]', 0, '2019-07-13 21:08:29', '2019-07-13 21:08:29', '2020-07-13 18:08:29'),
('bdeb926b18be6ee9efc8aa3badca9da2452f5b90cdc862baa81c38ffa6bca46f6697f71c67e237ae', 5, 3, 'domingos@mail.com', '[]', 0, '2019-07-21 21:14:22', '2019-07-21 21:14:22', '2020-07-21 18:14:22'),
('be3ba8abe738f6df43f8e5465d9dc2525d712e571a4f8a41d6c5c6d1a3315bce6d028cacd2cb92dc', 4, 1, 'ph@mail.com', '[]', 0, '2019-07-14 00:49:23', '2019-07-14 00:49:23', '2020-07-13 21:49:23'),
('be946ce94da52b8bee3946f0d9ab56df529a629b1e99a8219e0c49f5703d64a184a3b53824c84407', 5, 3, 'domingos@mail.com', '[]', 0, '2019-07-21 22:28:26', '2019-07-21 22:28:26', '2020-07-21 19:28:26'),
('beede6c5c4eccc7afbc6657aeceeb0cacecf758c808acfaeeac9dcea3fec60153fdf6ace3bc69730', 4, 3, 'ph@mail.com', '[]', 0, '2019-07-16 04:51:35', '2019-07-16 04:51:35', '2020-07-16 01:51:35'),
('bf01673866931c800bc7bbb0fafeeed6248644bad4420f443dc2880316253bdf42cce4c958182792', 5, 3, 'domingos@mail.com', '[]', 0, '2019-07-21 23:53:15', '2019-07-21 23:53:15', '2020-07-21 20:53:15'),
('bf7592b034b304ad82946d4b341e9f537c5da3057fa667dcd463fd64229855c73001dbbba6db76be', 4, 1, 'ph@mail.com', '[]', 0, '2019-07-12 05:02:21', '2019-07-12 05:02:21', '2020-07-12 02:02:21'),
('bfa443f43074b5fdc8d5fa5e8c6d94e85332653707b716799c41bcbd8881a44270b3853e380d45d3', 5, 3, 'domingos@mail.com', '[]', 0, '2019-07-21 20:40:46', '2019-07-21 20:40:46', '2020-07-21 17:40:46'),
('c0db54a27a44a5795fe51865a753402dac85237876fa8129ac32dddd33843584fcb99f20fb97284d', 4, 1, 'ph@mail.com', '[]', 0, '2019-07-14 01:38:10', '2019-07-14 01:38:10', '2020-07-13 22:38:10'),
('c166ff71f298b65bbdc0d35f59bba094505b99681fdf4dadf830ea2f06f23554f34b4442d4d36e00', 4, 1, 'ph@mail.com', '[]', 0, '2019-07-13 21:56:05', '2019-07-13 21:56:05', '2020-07-13 18:56:05'),
('c1f518017c7015dd2f03ba69085ecf15fdf7026c37cdde87c2975c9a03cc66568ced50ac11f029af', 5, 3, 'dom@mail.com', '[]', 0, '2019-07-14 23:16:46', '2019-07-14 23:16:46', '2020-07-14 20:16:46'),
('c2b916d6adbeaee9e41ed6dd64d1743afd902ee252b613d7c90a5f8e1a875e7699c7f2f1c096e1a9', 4, 3, 'ph@mail.com', '[]', 0, '2019-07-22 00:30:17', '2019-07-22 00:30:17', '2020-07-21 21:30:17'),
('c429056e03f69794a33ae3f1a20ec4a136beb418123bbd97a70a4a4d28157b16eff6616dbe140324', 20, 3, 'fernanda@mail.com', '[]', 0, '2019-07-22 00:00:58', '2019-07-22 00:00:58', '2020-07-21 21:00:58'),
('c5fdab18d3a1bc457e1523e154202671c7f8027a5d6c3ab5e02cfa91a2365521e670a9f2a20d4c8d', 5, 3, 'domingos@mail.com', '[]', 0, '2019-07-21 22:16:52', '2019-07-21 22:16:52', '2020-07-21 19:16:52'),
('c664bcb605db0b9223cfcdbe1f036ec6e8c67fa67269475559209dbd224ed9b45ebf57c807ba3090', 4, 3, 'ph@mail.com', '[]', 0, '2019-07-15 05:02:32', '2019-07-15 05:02:32', '2020-07-15 02:02:32'),
('c71003ecdf1a9bfb76dcb30216c899d6ee10339451e6048fded67a817134fee681005ffd9ed006f4', 4, 3, 'ph@mail.com', '[]', 0, '2019-07-24 06:51:25', '2019-07-24 06:51:25', '2020-07-24 03:51:25'),
('c9497764b4a7bdc7de84b4300c1ea70b19ebb9b25b4de46628c6b3754df229762b71677474516156', 10, 3, 'joao@mail.com', '[]', 0, '2019-07-16 04:51:21', '2019-07-16 04:51:21', '2020-07-16 01:51:21'),
('cb46acc8523fd745249942ffa6814affcd2ab042d5cf42bca2421a1dc09284e2ef093703d356a541', 4, 3, 'ph@mail.com', '[]', 0, '2019-07-16 05:29:57', '2019-07-16 05:29:57', '2020-07-16 02:29:57'),
('cb8d44ed7a9cb3fb5325947f83ba2f48e6316a7278811454e7924c69fc6d4b0aac57378591ef321f', 18, 3, 'pedro@mail.com', '[]', 0, '2019-07-21 23:45:39', '2019-07-21 23:45:39', '2020-07-21 20:45:39'),
('cc00a955de1eeeee09c97b83a1d41b0a4ce300ccd0f5039efb48c45862ac49e1a2e97a36acb7a304', 4, 3, 'ph@mail.com', '[]', 0, '2019-07-14 23:59:12', '2019-07-14 23:59:12', '2020-07-14 20:59:12'),
('cc6c301836c7c4cfa98d0dc88171b509ec7e25391c29609b1c7e672ce8e9fd5ce276b452e4575203', 4, 1, 'ph@mail.com', '[]', 0, '2019-07-14 07:24:35', '2019-07-14 07:24:35', '2020-07-14 04:24:35'),
('cc6fdf00085e60973bfcd5ac98782681ba27249be86ede1df90882f8aa1292dbb11d7257e60afbf5', 32, 3, 'pretinha@mail.com', '[]', 0, '2019-07-24 05:48:42', '2019-07-24 05:48:42', '2020-07-24 02:48:42'),
('cd0eb000daf484b05f9e4b4030436534b8a4244405c25920b33436d88e4e2a924a76c4b67ab3134f', 4, 3, 'ph@mail.com', '[]', 0, '2019-07-16 03:02:19', '2019-07-16 03:02:19', '2020-07-16 00:02:19'),
('cd5ef15439f2abebe9973da861a4d3951a0145226e3cdd757aa3f917a8a562cdb80a4cfd3e4530a8', 4, 3, 'ph@mail.com', '[]', 0, '2019-07-14 22:42:38', '2019-07-14 22:42:38', '2020-07-14 19:42:38'),
('cd784446fd914e9148918754a4977b608caae52ddf3a9d6effcba158a1f1b05de4b084a1de04f897', 4, 3, 'ph@mail.com', '[]', 0, '2019-07-16 04:43:41', '2019-07-16 04:43:41', '2020-07-16 01:43:41'),
('ce9391b075c9d9cf3be6ff2b538fb98d8afd6454948855942e2d5884001cc0cacef1318ee1aa7de2', 4, 3, 'ph@mail.com', '[]', 0, '2019-07-17 06:25:43', '2019-07-17 06:25:43', '2020-07-17 03:25:43'),
('ceb2687f1a6f8aa91564caaaeee62e5b86296d13c7ac65a21596868fdd7d2aab4257e5eeb0cf7941', 4, 1, 'ph@mail.com', '[]', 0, '2019-07-14 19:32:35', '2019-07-14 19:32:35', '2020-07-14 16:32:35'),
('cedd95aaf3df14cc2acbf5348829a8007171e9bd6c980ab3f230aeface95eb7881a12c700fb2f140', 4, 1, 'ph@mail.com', '[]', 0, '2019-07-13 05:55:55', '2019-07-13 05:55:55', '2020-07-13 02:55:55'),
('cf561da7371126264ad6ab8f3555d2910704868ac9cfe0a60a3b110cc33fc1bfc5971b0fedcc08e8', 5, 1, 'dom@mail.com', '[]', 0, '2019-07-14 03:38:45', '2019-07-14 03:38:45', '2020-07-14 00:38:45'),
('cf63fc754b1662de6609a6eb7d23edb97b8f30d3383e8aa5633c5fdc4763702ec6029eb4ee52685f', 5, 3, 'domingos@mail.com', '[]', 0, '2019-07-21 23:18:43', '2019-07-21 23:18:43', '2020-07-21 20:18:43'),
('d120f9915fb2f7ef0da2f005ab150abc16dbd5354b95bab6f9d2b5bf410b079210e8749aa6ad526b', 5, 3, 'dom@mail.com', '[]', 0, '2019-07-14 23:21:39', '2019-07-14 23:21:39', '2020-07-14 20:21:39'),
('d262b794dda39b20a203f3898941de7be6d04ed0c8d42a782c43a4ce85763e27ed5ecb123feb77e4', 7, 1, 'tiana@mail.com', '[]', 0, '2019-07-14 20:32:12', '2019-07-14 20:32:12', '2020-07-14 17:32:12'),
('d2639be5d3c951d470d438ea1d8483886d813ce37e97a885613862a7af868540020fa78e30b9f8d0', 5, 3, 'dom@mail.com', '[]', 0, '2019-07-14 23:22:17', '2019-07-14 23:22:17', '2020-07-14 20:22:17'),
('d28b63c9fb2cca63b2febb561edaa8160f6bdde241a0cba9858dbc5f0e672437037b8983d512e590', 4, 1, 'ph@mail.com', '[]', 0, '2019-07-13 21:32:21', '2019-07-13 21:32:21', '2020-07-13 18:32:21'),
('d297548f521eba58bba8c8c8ddf48a71d97711e67dd15cece17b6039a737be19eee5c368f23afa51', 4, 1, 'ph@mail.com', '[]', 0, '2019-07-13 23:34:15', '2019-07-13 23:34:15', '2020-07-13 20:34:15'),
('d2cb856951f34034b82e157b0ca5ab06397a6e3332cd25bf9ade8b3249a5b5dc32ce4d52eaa20407', 4, 1, 'ph@mail.com', '[]', 0, '2019-07-12 04:27:42', '2019-07-12 04:27:42', '2020-07-12 01:27:42'),
('d2e77847531312537dbda6721d92c0cbf4849824dfed14ff8a84b1075e826bfb62a48d730478e993', 4, 1, 'ph@mail.com', '[]', 0, '2019-07-13 21:08:59', '2019-07-13 21:08:59', '2020-07-13 18:08:59'),
('d2eee5bab3d94c5dec7e4ebca547ded9d2c4964a478cc6bf4379384a2077164cb074395a3a4b787e', 4, 3, 'ph@mail.com', '[]', 0, '2019-07-15 04:13:04', '2019-07-15 04:13:04', '2020-07-15 01:13:04'),
('d325bd8ad0ec5cf3441b2fded67edc3a630241bb83e3beeccadeed95666a6b41b53c61609ef700c2', 4, 3, 'ph@mail.com', '[]', 0, '2019-07-15 00:03:43', '2019-07-15 00:03:43', '2020-07-14 21:03:43'),
('d3f3980917804eccdfe5e50be59abd845a74ad954425195d7f489dd3373ea3dfb0297ac8d0bcffcb', 4, 3, 'ph@mail.com', '[]', 0, '2019-07-24 07:14:07', '2019-07-24 07:14:07', '2020-07-24 04:14:07'),
('d585fa39dd388bd6fed372b2608aefe374afd037964b2254222f20e39cb495fc6d2ab6ed295ee845', 4, 3, 'ph@mail.com', '[]', 0, '2019-07-16 04:30:45', '2019-07-16 04:30:45', '2020-07-16 01:30:45'),
('d5fa15a86cfc8f2fb0ad610c0e93d982f56272a6443b435fdd9ebbb2598fae08f724275a7edc9da0', 4, 3, 'ph@mail.com', '[]', 0, '2019-07-22 03:43:03', '2019-07-22 03:43:03', '2020-07-22 00:43:03'),
('d64cc9e0d85d4a40a3accec65373c5601174c98ccb8dad5554e5c872d1c63f96666675759c345603', 8, 3, 'eafp@mail.com', '[]', 0, '2019-07-17 04:03:36', '2019-07-17 04:03:36', '2020-07-17 01:03:36'),
('d76b4eeedb8e29008137de99103ad6a4cdaf5156edfb5db94d22d5e6057571d613f363776553a2f1', 4, 3, 'ph@mail.com', '[]', 0, '2019-07-22 04:09:00', '2019-07-22 04:09:00', '2020-07-22 01:09:00'),
('d8175754e017c8053803425c88e3f2c0ad2e85c3f75e7052cd04868d251d81a26b968b8a45363d3c', 4, 1, 'ph@mail.com', '[]', 0, '2019-07-13 22:57:58', '2019-07-13 22:57:58', '2020-07-13 19:57:58'),
('d8818493b4321274b2c48079c86416384e147ea35225ef9b3271e48754129176095ee0835fd8cdbb', 5, 3, 'domingos@mail.com', '[]', 0, '2019-07-21 23:26:25', '2019-07-21 23:26:25', '2020-07-21 20:26:25'),
('d88d7046e0f9ebe6c8a0f066a2f5f6fae635509482b95b8fe9e8909d0687ad9951177a9458efbfee', 4, 1, 'ph@mail.com', '[]', 0, '2019-07-12 04:44:13', '2019-07-12 04:44:13', '2020-07-12 01:44:13'),
('d89569119f6e075121db3a54c0dcb504f2e8417525335f5e9f59859b33426b1a33ff44ef6da1c7ef', 4, 1, 'ph@mail.com', '[]', 0, '2019-07-12 05:28:33', '2019-07-12 05:28:33', '2020-07-12 02:28:33'),
('d95eaaaf7e749400ac905804cf6bb382bf6e48b0aeae0e10f3c24682255bfa84adeab35d720dfa71', 5, 1, 'dom@mail.com', '[]', 0, '2019-07-14 03:21:11', '2019-07-14 03:21:11', '2020-07-14 00:21:11'),
('d96812bac9554a630c0719eb34daf234ef612549d01932664c9429ebad101ca117d8608dcd52523c', 4, 3, 'ph@mail.com', '[]', 0, '2019-07-25 03:50:06', '2019-07-25 03:50:06', '2020-07-25 00:50:06'),
('da1111e9b32d8956a06cfa0f80b202f1d0b1225197873adfb93895b9331bebeb2ddd46f85dbdc61a', 4, 1, 'ph@mail.com', '[]', 0, '2019-07-13 20:41:47', '2019-07-13 20:41:47', '2020-07-13 17:41:47'),
('db1972fae8f8aaf488fec7f3aa1bf30ac5c5e2cbc062ace7ca941935439858140f0510992d274746', 5, 1, 'dom@mail.com', '[]', 0, '2019-07-14 07:49:44', '2019-07-14 07:49:44', '2020-07-14 04:49:44'),
('dbe302e5aeb52c26d3c77bac6a3c314ab2d30025a930c4f867e8feeb95c9241a574091f9b1a68fb5', 4, 1, 'ph@mail.com', '[]', 0, '2019-07-13 21:14:03', '2019-07-13 21:14:03', '2020-07-13 18:14:03'),
('dc24f982e9d1c75f62036d17bf5fa1382c56c3d5377f59ee7f67443b5f4f882e719a8793f3e60d6f', 14, 1, 'ph_henry@mail.com', '[]', 0, '2019-07-14 20:24:58', '2019-07-14 20:24:58', '2020-07-14 17:24:58'),
('dc6e9eea38700f36cf16792c41e76f96d05580224fc6570f1cd2955ea1305462ec170d26f3750e6d', 4, 3, 'ph@mail.com', '[]', 0, '2019-07-16 04:28:00', '2019-07-16 04:28:00', '2020-07-16 01:28:00'),
('dcf89fc940875f502c33b61ec050e3a3b5bb24416cb532c4b7e1c70cc169bbdd5a419c5be642953b', 4, 1, 'ph@mail.com', '[]', 0, '2019-07-13 21:08:30', '2019-07-13 21:08:30', '2020-07-13 18:08:30'),
('dd2c0988f768c5e946770cc3059d3fb72801d6898dbfc31dfdddedadeb41291114731f63ed720f45', 4, 1, 'ph@mail.com', '[]', 0, '2019-07-12 04:59:03', '2019-07-12 04:59:03', '2020-07-12 01:59:03'),
('dd3e76bdf7c89a15e02e7dc2859a890799fe59375dacb2c23c5bd48c1a6a0b61aafd3b574d424544', 4, 3, 'ph@mail.com', '[]', 0, '2019-07-16 04:52:23', '2019-07-16 04:52:23', '2020-07-16 01:52:23'),
('df0fb5dc4a3deea8be8a98bb14bd32ab8fc3d755542ef51b5e60e5f3b9d8f7139f0643be49ee6fca', 33, 3, 'fernanda@mail.com', '[]', 0, '2019-07-27 09:03:16', '2019-07-27 09:03:16', '2020-07-27 06:03:16'),
('e082b209bd2ba44482a11698b807449cb2585c23b6d93b57c065b8ea03ee6300cc6c61cfceeceac9', 5, 3, 'domingos@mail.com', '[]', 0, '2019-07-21 21:26:55', '2019-07-21 21:26:55', '2020-07-21 18:26:55'),
('e1abc6c506751d725ea073679638d523458f7dd9762368ed1c5aa9dd8cf6d7bd8075b1014e7e5e74', 20, 3, 'fernanda@mail.com', '[]', 0, '2019-07-22 00:01:32', '2019-07-22 00:01:32', '2020-07-21 21:01:32'),
('e2288896895c9ed3b48b46bd31a7326f3d9a9c479bbd65692110b54921b0c0d0d954d1eaab133f75', 27, 3, 'gil@mail.com', '[]', 0, '2019-07-24 05:39:43', '2019-07-24 05:39:43', '2020-07-24 02:39:43'),
('e22d4ee73ed876437e661e66e518085c532b54d6205f6bc6410305a395aee2077db8332496c7c051', 24, 3, 'hendrix@mail.com', '[]', 0, '2019-07-24 05:33:54', '2019-07-24 05:33:54', '2020-07-24 02:33:54'),
('e28daaf7c51821c43a3f40879ac23a989f446b8cd9353cec4618725d15388c775229effe075c0f90', 4, 3, 'ph@mail.com', '[]', 0, '2019-07-14 23:13:33', '2019-07-14 23:13:33', '2020-07-14 20:13:33'),
('e29e6c4482a2db98b8834956a4b982b123528c15c92cf0bbc426e22304dab97a811bc592ffdce275', 4, 1, 'ph@mail.com', '[]', 0, '2019-07-14 07:32:43', '2019-07-14 07:32:43', '2020-07-14 04:32:43'),
('e2ebf0bb631023b5fe1c9a66dc943dbf4d6940aa4b6281f0814851688f7a67acedd38f811b6e7e12', 5, 3, 'domingos@mail.com', '[]', 0, '2019-07-21 18:04:47', '2019-07-21 18:04:47', '2020-07-21 15:04:47'),
('e45c12478db7ec91de5baab303ff5e0e1fd28f719655d93bbb1fb31838898a65b78f626f425ef5d2', 5, 3, 'domingos@mail.com', '[]', 0, '2019-07-21 22:23:28', '2019-07-21 22:23:28', '2020-07-21 19:23:28'),
('e4732f399df9d359e1ee15d66bf961758a73769c1a4da635f42b8d794da581c2c35c54bf439e0f87', 4, 3, 'ph@mail.com', '[]', 0, '2019-07-16 03:59:16', '2019-07-16 03:59:16', '2020-07-16 00:59:16'),
('e4c8a58c59cea5ab93cd83bc2b215289ced9d7efa36cc895b791ecc883ffde536867c72ccfcd1f9d', 3, 1, 'rick@mail.com', '[]', 0, '2019-07-10 19:39:09', '2019-07-10 19:39:09', '2020-07-10 16:39:09'),
('e580fa825a944114e372df0f377565037ba8470400130d2702c33c34d479b61106339506970d36eb', 5, 3, 'domingos@mail.com', '[]', 0, '2019-07-21 23:42:06', '2019-07-21 23:42:06', '2020-07-21 20:42:06'),
('e594410a87ca04c5e3fddf28f95b0ba00c2e3c07038719f200013efa0b8393710ecdbf2c77eb127c', 6, 3, 'dinha@mail.com', '[]', 0, '2019-07-21 23:41:17', '2019-07-21 23:41:17', '2020-07-21 20:41:17'),
('e5b142189712ab87beec9ae4626a4a60655a876265c5a0808cc4bb5a5fcf2a32d570bc4e6baf1737', 4, 3, 'ph@mail.com', '[]', 0, '2019-07-15 04:47:39', '2019-07-15 04:47:39', '2020-07-15 01:47:39'),
('e821a08942715681dc53bd03a0e6fc7d20162c3c1598808cbe199b96d9981ebad8f95164899554fa', 5, 3, 'domingos@mail.com', '[]', 0, '2019-07-21 23:22:31', '2019-07-21 23:22:31', '2020-07-21 20:22:31'),
('e832d6465cd942172957885a344b28729d8d66fcf43b4e2d8462412e7c4ac3749d267f8c441bdad7', 4, 3, 'ph@mail.com', '[]', 0, '2019-07-16 02:58:10', '2019-07-16 02:58:10', '2020-07-15 23:58:10'),
('e8e40bf0e0277688798badff961363a1fa09b560e0a1a86e1c6a588250ac47f8eaebb27580b2b580', 4, 1, 'ph@mail.com', '[]', 0, '2019-07-14 19:32:35', '2019-07-14 19:32:35', '2020-07-14 16:32:35'),
('e91fb70cd15b97adbc27e458fb327646b8fde17735be31ccff73bf29e444b6ec024dd0a0a2543e7e', 5, 3, 'domingos@mail.com', '[]', 0, '2019-07-21 21:06:33', '2019-07-21 21:06:33', '2020-07-21 18:06:33'),
('e970e48906e63a7a5bf54805a9129b9f6f3a362ab2eba25376370cd945538cc3637fcd340115f5eb', 10, 1, 'joao@mail.com', '[]', 0, '2019-07-14 20:17:38', '2019-07-14 20:17:38', '2020-07-14 17:17:38'),
('e9c3f55263d6762212e0799023f4aa3d0732a619e9b688689fc7d7ef41f8a34ac42018e2c32aa368', 4, 3, 'ph@mail.com', '[]', 0, '2019-07-21 17:05:32', '2019-07-21 17:05:32', '2020-07-21 14:05:32'),
('ebd4aed1743f9b797c210bfb3a00c3ef11179ef93b3accdfa409bfc9fee5187d4cef47062786db60', 4, 1, 'ph@mail.com', '[]', 0, '2019-07-13 20:35:59', '2019-07-13 20:35:59', '2020-07-13 17:35:59'),
('ec80e3ba1a8a20ae3495070b8d680ea370f3ee55214ff01e3d4cf3ff93558d910515be104eed16b9', 5, 3, 'dom@mail.com', '[]', 0, '2019-07-16 04:10:53', '2019-07-16 04:10:53', '2020-07-16 01:10:53'),
('ec9fa3564cc65fb6dea0ab4e7312291752cbb1086067d2ce8256fbf13d4428bb20ab46e5b10556ef', 4, 3, 'ph@mail.com', '[]', 0, '2019-07-24 04:27:46', '2019-07-24 04:27:46', '2020-07-24 01:27:46'),
('ecb2722debc0f7169898d523bf1de961fb230e8a4016e70cb5df280155b9093d0f711b287238337d', 4, 1, 'ph@mail.com', '[]', 0, '2019-07-13 23:39:38', '2019-07-13 23:39:38', '2020-07-13 20:39:38'),
('ed4a58a82b31f3b123bc10707c22bf4b0e6be1920bf91c6ffdaf6b8063a888a71545503ca7d69c08', 5, 3, 'domingos@mail.com', '[]', 0, '2019-07-21 21:58:54', '2019-07-21 21:58:54', '2020-07-21 18:58:54'),
('ed7b1ecb736439c2d14dd21bf209135b7dfd4449f7ebb4af4d3dbf910a4a33b950586539c92de01f', 4, 1, 'ph@mail.com', '[]', 0, '2019-07-14 04:34:16', '2019-07-14 04:34:16', '2020-07-14 01:34:16'),
('eea2cb07b203161451104ac2cbb123c9dcdb2e81a542c5922679d6b3a0536504b8052fc177d158d2', 5, 3, 'domingos@mail.com', '[]', 0, '2019-07-21 23:53:01', '2019-07-21 23:53:01', '2020-07-21 20:53:01'),
('eef2283f3534c9c8987d1ee5ad44c8e1f55974e142596825d29baeaaa77b49f99e15a96161099cbe', 4, 3, 'ph@mail.com', '[]', 0, '2019-07-14 23:21:19', '2019-07-14 23:21:19', '2020-07-14 20:21:19'),
('ef101b4bc886d939ca2294345681c84badecc49700c9b9d8f6510355778c130bee8e0f0d2aa1de9b', 4, 3, 'ph@mail.com', '[]', 0, '2019-07-16 06:59:57', '2019-07-16 06:59:57', '2020-07-16 03:59:57'),
('efca4a3e384ff964675673ad1b939adaa7abae5dafc71b1aafffca4556a9477df5e53a2439488614', 6, 3, 'dinha@mail.com', '[]', 0, '2019-07-18 04:51:01', '2019-07-18 04:51:01', '2020-07-18 01:51:01'),
('f05491add34f86888d85a5b7d97fd821b21283d2dd7b839b85505352bd35ab919405bb97254c6fd7', 4, 3, 'ph@mail.com', '[]', 0, '2019-07-15 00:57:42', '2019-07-15 00:57:42', '2020-07-14 21:57:42'),
('f09d44518ea9f0e181c0c83b944f9cfff109668bf6a4d7c5589abebffa3545dc093257b9e7d905f3', 4, 3, 'ph@mail.com', '[]', 0, '2019-07-14 23:39:28', '2019-07-14 23:39:28', '2020-07-14 20:39:28'),
('f0f9eaf0f78aaace06ecc3fd2e220f529f502019ed9260a1b5eeea292e015067383e548342f2be59', 4, 3, 'ph@mail.com', '[]', 0, '2019-07-16 03:34:18', '2019-07-16 03:34:18', '2020-07-16 00:34:18'),
('f1a90b87d7617d4baa48a117a5e50473bed6abb32a8c1a19d4792fb4f284b47c6dfbda47e5b3e62b', 5, 3, 'dom@mail.com', '[]', 0, '2019-07-15 00:37:12', '2019-07-15 00:37:12', '2020-07-14 21:37:12'),
('f20cfe32d9f58ccf26b99b2dd1276a8e22ec5b94d593bb808f2728a0285dbed7b54d352f4431454a', 5, 3, 'dom@mail.com', '[]', 0, '2019-07-16 07:06:26', '2019-07-16 07:06:26', '2020-07-16 04:06:26'),
('f27c78b45066b5d6193b73125d66b12f21d30d6a65c51b838fb4785c364745edf8374e8bc3809020', 4, 3, 'ph@mail.com', '[]', 0, '2019-07-22 03:41:36', '2019-07-22 03:41:36', '2020-07-22 00:41:36'),
('f37a6813701afacb6703f6e3936011cd9a0e2bbc1fb1f363b98baa425558a6ce55db028d96445763', 4, 3, 'ph@mail.com', '[]', 0, '2019-07-22 03:41:09', '2019-07-22 03:41:09', '2020-07-22 00:41:09'),
('f3f8b350f8cf15a67122368949c03b0331b03405bcb31ce737bac3f39610e44b8b0a1b1bac9bca97', 4, 1, 'ph@mail.com', '[]', 0, '2019-07-13 23:43:25', '2019-07-13 23:43:25', '2020-07-13 20:43:25'),
('f55113f9adbc5c6e4b117a7a32f10d10680608b565f2bacb6f10408a7aa10efc8c02aa5852043f64', 4, 1, 'ph@mail.com', '[]', 0, '2019-07-13 20:26:23', '2019-07-13 20:26:23', '2020-07-13 17:26:23'),
('f5605c5b22acd0ad49754daef2f2bdc7e43faae2bdaac138f0f73571fb8adf1002edbe19f73ac84f', 5, 3, 'domingos@mail.com', '[]', 0, '2019-07-21 20:53:33', '2019-07-21 20:53:33', '2020-07-21 17:53:33'),
('f5a5337920e04cb6f738cc461a347c98c32598138ec24fe306eaf82e1fdf995eb9fe145c6c4937c8', 4, 1, 'ph@mail.com', '[]', 0, '2019-07-13 23:27:24', '2019-07-13 23:27:24', '2020-07-13 20:27:24'),
('f6acadf9104477e514b8f854bce9ab20531931fadc8a239e299adc9d40a336fb7f0ec8ac6a8cb2a4', 4, 1, 'ph@mail.com', '[]', 0, '2019-07-14 03:42:20', '2019-07-14 03:42:20', '2020-07-14 00:42:20'),
('f734d88b8c658b4384e5b264e4b56437a88be08641f2ccaffac8d68eb06816f45157c8bcf2ba5804', 4, 3, 'ph@mail.com', '[]', 0, '2019-07-22 03:42:00', '2019-07-22 03:42:00', '2020-07-22 00:42:00'),
('f74521becf78d0075382d92cebfefb2911deb5dda925296061a5d3e6ceaac4c99263dc166d9d4814', 4, 3, 'ph@mail.com', '[]', 0, '2019-07-16 02:52:59', '2019-07-16 02:52:59', '2020-07-15 23:52:59'),
('f7c2d813ad3ea9502acfb7ee80a798cafd9fe87586b7f1475b9e87f04aaa673a8db89637b282a8a1', 4, 3, 'ph@mail.com', '[]', 0, '2019-07-14 23:58:32', '2019-07-14 23:58:32', '2020-07-14 20:58:32'),
('f9c44798ad6d09a1ef60968e7b6bd8370a11d30d03749c21f1bc4c200aee0050a49ebe45ade56cd8', 17, 3, 'clapton@mail.com', '[]', 0, '2019-07-16 07:32:56', '2019-07-16 07:32:56', '2020-07-16 04:32:56'),
('fafc16cc1896bc7e8993408c237f222bdba9a175c29da1dec8e192426ff35e53533eba2a28ded282', 22, 3, 'elias@mail.com', '[]', 0, '2019-07-22 04:16:35', '2019-07-22 04:16:35', '2020-07-22 01:16:35'),
('fb9414093124ea87d42128846a2f94bdb616c18af05cabbf6094f7a6774d84c89a929f0c018ec0df', 5, 3, 'domingos@mail.com', '[]', 0, '2019-07-21 20:27:47', '2019-07-21 20:27:47', '2020-07-21 17:27:47'),
('fbc0709a9a92fa38ecb31d95aebaa398e06573866261a679433237a1d1303c80e5c1e35a100ce078', 5, 3, 'domingos@mail.com', '[]', 0, '2019-07-21 22:29:13', '2019-07-21 22:29:13', '2020-07-21 19:29:13'),
('fbc89b01740d81f284a495e5ce233bf866129b1a5465ba609a114df6aaf5fb9ca09da92b46b1a035', 4, 3, 'ph@mail.com', '[]', 0, '2019-07-14 23:20:07', '2019-07-14 23:20:07', '2020-07-14 20:20:07'),
('fc1c84f3a43efb791691c0a7c9ec497b0cf06343b282c16667907350d5b4e0b88c1abb319ff7d127', 6, 1, 'dinha@mail.com', '[]', 0, '2019-07-14 03:23:11', '2019-07-14 03:23:11', '2020-07-14 00:23:11'),
('fc2894ddcc31686709107e958f9f2a21817db13f6060a29d73ecd54c4292a22bcc43319156261a34', 4, 1, 'ph@mail.com', '[]', 0, '2019-07-14 19:37:18', '2019-07-14 19:37:18', '2020-07-14 16:37:18'),
('fc63f2482576eb4932fd95731d20b04a1c066a707ccfa92951c4828d3c5715c8ca9dc10856c8926f', 23, 3, 'diego@mail.com', '[]', 0, '2019-07-22 02:11:42', '2019-07-22 02:11:42', '2020-07-21 23:11:42'),
('fc991083dcac0ab02c5c127e207569e83f9e7b47290b866116c79796b6109f56c62c2b63386c0519', 4, 1, 'ph@mail.com', '[]', 0, '2019-07-12 04:33:21', '2019-07-12 04:33:21', '2020-07-12 01:33:21'),
('fcd5ea8497f671f151bed9d0692aee124b93a4bc90c4c3ececdaa2e58ede028bf1c55cf5dcdf1c7a', 4, 1, 'ph@mail.com', '[]', 0, '2019-07-11 01:53:32', '2019-07-11 01:53:32', '2020-07-10 22:53:32'),
('fe5c7f5e3c05ea4b9c8bb3971babc9127aa253eafbbee56b6904237e588eef4d443ddd19f6d5f1ea', 4, 1, 'ph@mail.com', '[]', 0, '2019-07-12 04:38:00', '2019-07-12 04:38:00', '2020-07-12 01:38:00'),
('fed81cc2bb7702ce8553fd8f56b1d93b53e0228114cb70647036098dbc1e222cf8897d6d1d6d721d', 5, 3, 'domingos@mail.com', '[]', 0, '2019-07-21 20:50:26', '2019-07-21 20:50:26', '2020-07-21 17:50:26'),
('ff5aa209bb0c92c531011c66dec302eb952d9a45dca24d6f1c794687758948d68378b2b079cf59a1', 4, 3, 'ph@mail.com', '[]', 0, '2019-07-16 02:57:43', '2019-07-16 02:57:43', '2020-07-15 23:57:43'),
('ffb878082d4e66a3ebaea2110aead605521475f87d4906fb282f4564ba2027e91f5c0893f8e2ba5f', 4, 3, 'ph@mai.com', '[]', 0, '2019-07-24 07:10:50', '2019-07-24 07:10:50', '2020-07-24 04:10:50');

-- --------------------------------------------------------

--
-- Estrutura para tabela `oauth_auth_codes`
--

CREATE TABLE `oauth_auth_codes` (
  `id` varchar(100) COLLATE utf8mb4_unicode_ci NOT NULL,
  `user_id` int(11) NOT NULL,
  `client_id` int(10) UNSIGNED NOT NULL,
  `scopes` text COLLATE utf8mb4_unicode_ci,
  `revoked` tinyint(1) NOT NULL,
  `expires_at` datetime DEFAULT NULL
) ENGINE=InnoDB DEFAULT CHARSET=utf8mb4 COLLATE=utf8mb4_unicode_ci;

-- --------------------------------------------------------

--
-- Estrutura para tabela `oauth_clients`
--

CREATE TABLE `oauth_clients` (
  `id` int(10) UNSIGNED NOT NULL,
  `user_id` int(11) DEFAULT NULL,
  `name` varchar(191) COLLATE utf8mb4_unicode_ci NOT NULL,
  `secret` varchar(100) COLLATE utf8mb4_unicode_ci NOT NULL,
  `redirect` text COLLATE utf8mb4_unicode_ci NOT NULL,
  `personal_access_client` tinyint(1) NOT NULL,
  `password_client` tinyint(1) NOT NULL,
  `revoked` tinyint(1) NOT NULL,
  `created_at` timestamp NULL DEFAULT NULL,
  `updated_at` timestamp NULL DEFAULT NULL
) ENGINE=InnoDB DEFAULT CHARSET=utf8mb4 COLLATE=utf8mb4_unicode_ci;

--
-- Fazendo dump de dados para tabela `oauth_clients`
--

INSERT INTO `oauth_clients` (`id`, `user_id`, `name`, `secret`, `redirect`, `personal_access_client`, `password_client`, `revoked`, `created_at`, `updated_at`) VALUES
(1, NULL, 'Laravel Personal Access Client', 'vnIZKiFppBdLEOtLOLt0QWweDuQYGCIB1FWYKOCl', 'http://localhost', 1, 0, 0, '2019-07-09 04:03:20', '2019-07-09 04:03:20'),
(2, NULL, 'Laravel Password Grant Client', '6w5AGcCQfSc7H4R639AQJAPlzH1FGRYY8kvEPd1E', 'http://localhost', 0, 1, 0, '2019-07-09 04:03:21', '2019-07-09 04:03:21'),
(3, NULL, 'Laravel Personal Access Client', 'R6FAx0iid9qaNsmfTJzpXRkZWxWght0Jv4zw0t1N', 'http://localhost', 1, 0, 0, '2019-07-14 22:25:35', '2019-07-14 22:25:35'),
(4, NULL, 'Laravel Password Grant Client', 'wzusyxXR7DL064h7Ro2KdT3k21yf6EY53UyVVPUa', 'http://localhost', 0, 1, 0, '2019-07-14 22:25:36', '2019-07-14 22:25:36');

-- --------------------------------------------------------

--
-- Estrutura para tabela `oauth_personal_access_clients`
--

CREATE TABLE `oauth_personal_access_clients` (
  `id` int(10) UNSIGNED NOT NULL,
  `client_id` int(10) UNSIGNED NOT NULL,
  `created_at` timestamp NULL DEFAULT NULL,
  `updated_at` timestamp NULL DEFAULT NULL
) ENGINE=InnoDB DEFAULT CHARSET=utf8mb4 COLLATE=utf8mb4_unicode_ci;

--
-- Fazendo dump de dados para tabela `oauth_personal_access_clients`
--

INSERT INTO `oauth_personal_access_clients` (`id`, `client_id`, `created_at`, `updated_at`) VALUES
(1, 1, '2019-07-09 04:03:21', '2019-07-09 04:03:21'),
(2, 3, '2019-07-14 22:25:36', '2019-07-14 22:25:36');

-- --------------------------------------------------------

--
-- Estrutura para tabela `oauth_refresh_tokens`
--

CREATE TABLE `oauth_refresh_tokens` (
  `id` varchar(100) COLLATE utf8mb4_unicode_ci NOT NULL,
  `access_token_id` varchar(100) COLLATE utf8mb4_unicode_ci NOT NULL,
  `revoked` tinyint(1) NOT NULL,
  `expires_at` datetime DEFAULT NULL
) ENGINE=InnoDB DEFAULT CHARSET=utf8mb4 COLLATE=utf8mb4_unicode_ci;

-- --------------------------------------------------------

--
-- Estrutura para tabela `password_resets`
--

CREATE TABLE `password_resets` (
  `email` varchar(191) COLLATE utf8mb4_unicode_ci NOT NULL,
  `token` varchar(191) COLLATE utf8mb4_unicode_ci NOT NULL,
  `created_at` timestamp NULL DEFAULT NULL
) ENGINE=InnoDB DEFAULT CHARSET=utf8mb4 COLLATE=utf8mb4_unicode_ci;

-- --------------------------------------------------------

--
-- Estrutura para tabela `users`
--

CREATE TABLE `users` (
  `id` bigint(20) UNSIGNED NOT NULL,
  `name` varchar(191) COLLATE utf8mb4_unicode_ci NOT NULL,
  `email` varchar(191) COLLATE utf8mb4_unicode_ci NOT NULL,
  `email_verified_at` timestamp NULL DEFAULT NULL,
  `password` varchar(191) COLLATE utf8mb4_unicode_ci NOT NULL,
  `remember_token` varchar(100) COLLATE utf8mb4_unicode_ci DEFAULT NULL,
  `created_at` timestamp NULL DEFAULT NULL,
  `updated_at` timestamp NULL DEFAULT NULL,
  `imagem` varchar(191) COLLATE utf8mb4_unicode_ci DEFAULT NULL
) ENGINE=InnoDB DEFAULT CHARSET=utf8mb4 COLLATE=utf8mb4_unicode_ci;

--
-- Fazendo dump de dados para tabela `users`
--

INSERT INTO `users` (`id`, `name`, `email`, `email_verified_at`, `password`, `remember_token`, `created_at`, `updated_at`, `imagem`) VALUES
(4, 'Paulo', 'ph@mail.com', NULL, '$2y$10$5o5nJhh5OxIgnKCei0dqFerQHkInCtLWL.oVOWBCq/aP/gUY/5Tdi', NULL, '2019-07-09 04:28:27', '2019-07-24 07:14:35', 'perfis/perfil_id4/1563757740.jpeg'),
(5, 'Domingos Dias Prates', 'domingos@mail.com', NULL, '$2y$10$J4VPQ1OOfKm.PVkWUyKLleHQAdXwvvKC0XnmRtW2Xjy2TrEZlmGyC', NULL, '2019-07-14 03:19:44', '2019-07-21 23:53:15', 'perfis/perfil_id5/1563742395.jpeg'),
(6, 'Dinha Prates', 'dinha@mail.com', NULL, '$2y$10$E1Sepph/6L3SfnF/okFtOe7NJ1EFt0hIrFv0l5J2bl4Rt3bwhX8ge', NULL, '2019-07-14 03:23:11', '2019-07-21 23:58:10', 'perfis/perfil_id6/1563742690.jpeg'),
(22, 'Elias Alves', 'elias@mail.com', NULL, '$2y$10$r69RuI9Y7e71SM6XDBBZ6usxeufsgIvyE0P8tymtfZga/4.pUSxCC', NULL, '2019-07-22 02:03:47', '2019-07-22 02:07:47', 'perfis/perfil_id22/1563750467.jpeg'),
(23, 'Enzo', 'enzo@mail.com', NULL, '$2y$10$YVUxcaUb7Nm3CAW333qLCO6GxgyhCK1Y34F7xxYLoTx43bKEGvF4a', NULL, '2019-07-24 04:28:07', '2019-07-24 04:28:07', NULL),
(24, 'Jimi Hendrix', 'hendrix@mail.com', NULL, '$2y$10$ziMdJx4EkadIVpbljQOC4Odd1ske0bADYFagrnUFhlI2yfrR.JLgG', NULL, '2019-07-24 05:02:44', '2019-07-24 05:33:54', 'perfis/perfil_id24/1563935634.jpeg'),
(25, 'BB King', 'bbk@mail.com', NULL, '$2y$10$0qzjbPNBJTcSGfjWPFmRgeG9z8xKuFoKq5qpINeBb5Wf3IPY7BeJC', NULL, '2019-07-24 05:16:46', '2019-07-24 05:16:46', NULL),
(26, 'Caetano Veloso', 'caetano@mail.com', NULL, '$2y$10$pqv2bZBTWxNGSEXWURROzuDlJEhkpPhocyycToQ5Am6pqNIOLZ3ky', NULL, '2019-07-24 05:28:13', '2019-07-24 05:28:13', NULL),
(27, 'Gilberto Gil', 'gil@mail.com', NULL, '$2y$10$vWZJc8bfu4H1vV7348fWrunCXdKoVnH5P/ssn/U3KVffsBnGYrh/i', NULL, '2019-07-24 05:39:43', '2019-07-24 05:39:43', NULL),
(28, 'Nina Simone', 'nina@mail.com', NULL, '$2y$10$C8IGtwB/tABf1xbvmbvDEuTShCsNL3FdK6TDn.INzehudIcx2yCWa', NULL, '2019-07-24 05:44:14', '2019-07-24 05:44:14', NULL),
(30, 'Alceu', 'alceu@mail.com', NULL, '$2y$10$4PZgmQUk1o6mxtnXZ60eLOcoDpje82RJn9WrQ9G/6xMKqPJScyU.C', NULL, '2019-07-24 05:47:39', '2019-07-24 05:47:39', NULL),
(31, 'Djonga', 'djonga@mail.com', NULL, '$2y$10$3PJ8bpgVnFG83Djumale5epfTWzCRE4i4tbSwYnXOB.CX51hhScZa', NULL, '2019-07-24 05:47:51', '2019-07-24 05:47:51', NULL),
(32, 'Pretinha', 'pretinha@mail.com', NULL, '$2y$10$7IhswTdvmT8TqUyR6Dr2mOAFuE1FeEZQwbEgVpGaUSdaMdC3dLGeO', NULL, '2019-07-24 05:48:42', '2019-07-24 05:48:42', NULL),
(33, 'Fernanda Marques', 'fernanda@mail.com', NULL, '$2y$10$MM2mgfef9tYweqkYweoyU.SQxgK757d9YtpaC6/xvzyIs1t9WhVUm', NULL, '2019-07-27 09:02:53', '2019-07-27 09:03:16', 'perfis/perfil_id33/1564207396.jpeg');

--
-- Índices de tabelas apagadas
--

--
-- Índices de tabela `migrations`
--
ALTER TABLE `migrations`
  ADD PRIMARY KEY (`id`);

--
-- Índices de tabela `oauth_access_tokens`
--
ALTER TABLE `oauth_access_tokens`
  ADD PRIMARY KEY (`id`),
  ADD KEY `oauth_access_tokens_user_id_index` (`user_id`);

--
-- Índices de tabela `oauth_auth_codes`
--
ALTER TABLE `oauth_auth_codes`
  ADD PRIMARY KEY (`id`);

--
-- Índices de tabela `oauth_clients`
--
ALTER TABLE `oauth_clients`
  ADD PRIMARY KEY (`id`),
  ADD KEY `oauth_clients_user_id_index` (`user_id`);

--
-- Índices de tabela `oauth_personal_access_clients`
--
ALTER TABLE `oauth_personal_access_clients`
  ADD PRIMARY KEY (`id`),
  ADD KEY `oauth_personal_access_clients_client_id_index` (`client_id`);

--
-- Índices de tabela `oauth_refresh_tokens`
--
ALTER TABLE `oauth_refresh_tokens`
  ADD PRIMARY KEY (`id`),
  ADD KEY `oauth_refresh_tokens_access_token_id_index` (`access_token_id`);

--
-- Índices de tabela `password_resets`
--
ALTER TABLE `password_resets`
  ADD KEY `password_resets_email_index` (`email`);

--
-- Índices de tabela `users`
--
ALTER TABLE `users`
  ADD PRIMARY KEY (`id`),
  ADD UNIQUE KEY `users_email_unique` (`email`);

--
-- AUTO_INCREMENT de tabelas apagadas
--

--
-- AUTO_INCREMENT de tabela `migrations`
--
ALTER TABLE `migrations`
  MODIFY `id` int(10) UNSIGNED NOT NULL AUTO_INCREMENT, AUTO_INCREMENT=10;
--
-- AUTO_INCREMENT de tabela `oauth_clients`
--
ALTER TABLE `oauth_clients`
  MODIFY `id` int(10) UNSIGNED NOT NULL AUTO_INCREMENT, AUTO_INCREMENT=5;
--
-- AUTO_INCREMENT de tabela `oauth_personal_access_clients`
--
ALTER TABLE `oauth_personal_access_clients`
  MODIFY `id` int(10) UNSIGNED NOT NULL AUTO_INCREMENT, AUTO_INCREMENT=3;
--
-- AUTO_INCREMENT de tabela `users`
--
ALTER TABLE `users`
  MODIFY `id` bigint(20) UNSIGNED NOT NULL AUTO_INCREMENT, AUTO_INCREMENT=34;--
-- Banco de dados: `mygym`
--
CREATE DATABASE IF NOT EXISTS `mygym` DEFAULT CHARACTER SET utf8mb4 COLLATE utf8mb4_general_ci;
USE `mygym`;

-- --------------------------------------------------------

--
-- Estrutura para tabela `academias`
--

CREATE TABLE `academias` (
  `id` bigint(20) UNSIGNED NOT NULL,
  `cnpj` bigint(20) NOT NULL,
  `nome` varchar(191) COLLATE utf8mb4_unicode_ci NOT NULL,
  `user_id` bigint(20) UNSIGNED NOT NULL,
  `created_at` timestamp NULL DEFAULT NULL,
  `updated_at` timestamp NULL DEFAULT NULL
) ENGINE=InnoDB DEFAULT CHARSET=utf8mb4 COLLATE=utf8mb4_unicode_ci;

--
-- Fazendo dump de dados para tabela `academias`
--

INSERT INTO `academias` (`id`, `cnpj`, `nome`, `user_id`, `created_at`, `updated_at`) VALUES
(1, 11111111111, 'Academia Total Fit', 2, NULL, NULL),
(2, 22222222222, 'Academia Rapper', 8, NULL, NULL),
(3, 33333333333, 'Academia Body Truco', 5, NULL, NULL),
(4, 44444444444, 'Academia FitDance', 2, NULL, NULL),
(5, 55555555555, 'Academia Forma Fitness', 8, NULL, NULL),
(6, 66666666666, 'Academia Fit Body', 2, NULL, NULL),
(7, 77777777777, 'Academia A Mais Fit', 8, NULL, NULL),
(8, 88888888888, 'Academia Corpo', 2, NULL, NULL),
(9, 99999999999, 'Academia Body Max', 8, NULL, NULL),
(10, 11111000000, 'Academia Big Mass', 2, NULL, NULL),
(11, 22222000000, 'Academia Hiper Mass', 8, NULL, NULL);

-- --------------------------------------------------------

--
-- Estrutura para tabela `anamnese_bases`
--

CREATE TABLE `anamnese_bases` (
  `id` bigint(20) UNSIGNED NOT NULL,
  `descricao` longtext COLLATE utf8mb4_unicode_ci NOT NULL,
  `created_at` timestamp NULL DEFAULT NULL,
  `updated_at` timestamp NULL DEFAULT NULL
) ENGINE=InnoDB DEFAULT CHARSET=utf8mb4 COLLATE=utf8mb4_unicode_ci;

--
-- Fazendo dump de dados para tabela `anamnese_bases`
--

INSERT INTO `anamnese_bases` (`id`, `descricao`, `created_at`, `updated_at`) VALUES
(1, 'Pratica ou ja praticou alguma atividade fisica?', '2019-07-30 19:41:29', '2019-07-30 19:43:42'),
(2, 'Qual sua meta com a pratica de atividade fisica?', '2019-07-30 19:44:57', '2019-07-30 19:44:57'),
(3, 'Tem ou teve hábito de fumar?', '2019-07-30 19:41:29', '2019-07-30 19:43:42'),
(4, 'Possui possíveis restrições à atividade física?', '2019-07-30 19:41:29', '2019-07-30 19:43:42'),
(5, 'Utiliza algum medicamento atualmente', '2019-07-30 19:41:29', '2019-07-30 19:43:42');

-- --------------------------------------------------------

--
-- Estrutura para tabela `anamnese_complementars`
--

CREATE TABLE `anamnese_complementars` (
  `id` bigint(20) UNSIGNED NOT NULL,
  `descricao` longtext COLLATE utf8mb4_unicode_ci NOT NULL,
  `created_at` timestamp NULL DEFAULT NULL,
  `updated_at` timestamp NULL DEFAULT NULL
) ENGINE=InnoDB DEFAULT CHARSET=utf8mb4 COLLATE=utf8mb4_unicode_ci;

--
-- Fazendo dump de dados para tabela `anamnese_complementars`
--

INSERT INTO `anamnese_complementars` (`id`, `descricao`, `created_at`, `updated_at`) VALUES
(1, 'Sente dores no corpo?', '2019-07-30 19:47:33', '2019-07-30 19:47:33'),
(2, 'Sofreu algum acidete osteo-muscular recentimente?', '2019-07-30 19:47:33', '2019-07-30 19:47:33'),
(3, 'Está em dieta para ganhar ou perder peso?', '2019-07-30 19:47:33', '2019-07-30 19:47:33'),
(4, 'Possui algum tipo de alergia?', '2019-07-30 19:47:33', '2019-07-30 19:47:33');

-- --------------------------------------------------------

--
-- Estrutura para tabela `avaliacao_fisicas`
--

CREATE TABLE `avaliacao_fisicas` (
  `id` bigint(20) UNSIGNED NOT NULL,
  `cota_id` bigint(20) UNSIGNED NOT NULL,
  `idade` int(11) NOT NULL,
  `observacoes` longtext COLLATE utf8mb4_unicode_ci NOT NULL,
  `anamnese_b_1` longtext COLLATE utf8mb4_unicode_ci,
  `anamnese_b_2` longtext COLLATE utf8mb4_unicode_ci,
  `anamnese_b_3` longtext COLLATE utf8mb4_unicode_ci,
  `anamnese_b_4` longtext COLLATE utf8mb4_unicode_ci,
  `anamnese_b_5` longtext COLLATE utf8mb4_unicode_ci,
  `resposta_anamnese_b_1` longtext COLLATE utf8mb4_unicode_ci,
  `resposta_anamnese_b_2` longtext COLLATE utf8mb4_unicode_ci,
  `resposta_anamnese_b_3` longtext COLLATE utf8mb4_unicode_ci,
  `resposta_anamnese_b_4` longtext COLLATE utf8mb4_unicode_ci,
  `resposta_anamnese_b_5` longtext COLLATE utf8mb4_unicode_ci,
  `anamnese_c_1` longtext COLLATE utf8mb4_unicode_ci,
  `anamnese_c_2` longtext COLLATE utf8mb4_unicode_ci,
  `anamnese_c_3` longtext COLLATE utf8mb4_unicode_ci,
  `anamnese_c_4` longtext COLLATE utf8mb4_unicode_ci,
  `Resposta_anamnese_c_1` longtext COLLATE utf8mb4_unicode_ci,
  `Resposta_anamnese_c_2` longtext COLLATE utf8mb4_unicode_ci,
  `Resposta_anamnese_c_3` longtext COLLATE utf8mb4_unicode_ci,
  `Resposta_anamnese_c_4` longtext COLLATE utf8mb4_unicode_ci,
  `massa_corporal` double(8,2) DEFAULT NULL,
  `estatura` double(8,2) DEFAULT NULL,
  `pescoco` double(8,2) DEFAULT NULL,
  `ombro` double(8,2) DEFAULT NULL,
  `torax` double(8,2) DEFAULT NULL,
  `cintura` double(8,2) DEFAULT NULL,
  `abdomen` double(8,2) DEFAULT NULL,
  `quadril` double(8,2) DEFAULT NULL,
  `braco_direito` double(8,2) DEFAULT NULL,
  `antebraco_direito` double(8,2) DEFAULT NULL,
  `coxa_direito` double(8,2) DEFAULT NULL,
  `panturrilha_direito` double(8,2) DEFAULT NULL,
  `braco_esquerda` double(8,2) DEFAULT NULL,
  `antebraco_esquerda` double(8,2) DEFAULT NULL,
  `coxa_esquerda` double(8,2) DEFAULT NULL,
  `panturrilha_esquerda` double(8,2) DEFAULT NULL,
  `dobra_tricipital` double(8,2) DEFAULT NULL,
  `dobra_bicipital` double(8,2) DEFAULT NULL,
  `dobra_peitoral` double(8,2) DEFAULT NULL,
  `dobra_subescapular` double(8,2) DEFAULT NULL,
  `dobra_axilar_media` double(8,2) DEFAULT NULL,
  `dobra_supraliaca` double(8,2) DEFAULT NULL,
  `dobra_abdominal` double(8,2) DEFAULT NULL,
  `dobra_coxa` double(8,2) DEFAULT NULL,
  `dobra_panturrilha` double(8,2) DEFAULT NULL,
  `created_at` timestamp NULL DEFAULT NULL,
  `updated_at` timestamp NULL DEFAULT NULL
) ENGINE=InnoDB DEFAULT CHARSET=utf8mb4 COLLATE=utf8mb4_unicode_ci;

-- --------------------------------------------------------

--
-- Estrutura para tabela `cidades`
--

CREATE TABLE `cidades` (
  `id` bigint(20) UNSIGNED NOT NULL,
  `cep` bigint(20) NOT NULL,
  `nome` varchar(191) COLLATE utf8mb4_unicode_ci NOT NULL,
  `uf_id` bigint(20) UNSIGNED NOT NULL
) ENGINE=InnoDB DEFAULT CHARSET=utf8mb4 COLLATE=utf8mb4_unicode_ci;

--
-- Fazendo dump de dados para tabela `cidades`
--

INSERT INTO `cidades` (`id`, `cep`, `nome`, `uf_id`) VALUES
(1, 39600000, 'Araçuai', 13),
(2, 39660000, 'Turmalina', 13),
(3, 39100000, 'Diamantina', 13);

-- --------------------------------------------------------

--
-- Estrutura para tabela `cotas`
--

CREATE TABLE `cotas` (
  `id` bigint(20) UNSIGNED NOT NULL,
  `user_id` bigint(20) UNSIGNED NOT NULL,
  `academia_id` bigint(20) UNSIGNED NOT NULL,
  `validade` date DEFAULT NULL,
  `status` tinyint(1) NOT NULL,
  `created_at` timestamp NULL DEFAULT NULL,
  `updated_at` timestamp NULL DEFAULT NULL
) ENGINE=InnoDB DEFAULT CHARSET=utf8mb4 COLLATE=utf8mb4_unicode_ci;

--
-- Fazendo dump de dados para tabela `cotas`
--

INSERT INTO `cotas` (`id`, `user_id`, `academia_id`, `validade`, `status`, `created_at`, `updated_at`) VALUES
(1, 4, 2, '2019-07-30', 1, '2019-07-30 19:52:34', '2019-07-30 19:52:34'),
(2, 3, 1, '2019-09-30', 1, NULL, NULL),
(3, 3, 3, '2019-07-31', 0, NULL, NULL),
(4, 6, 3, '2019-07-31', 1, NULL, NULL),
(6, 7, 2, '2019-07-31', 1, NULL, NULL),
(7, 6, 1, '2019-07-31', 1, NULL, NULL);

-- --------------------------------------------------------

--
-- Estrutura para tabela `enderecos`
--

CREATE TABLE `enderecos` (
  `id` bigint(20) UNSIGNED NOT NULL,
  `academia_id` bigint(20) UNSIGNED NOT NULL,
  `rua` varchar(191) COLLATE utf8mb4_unicode_ci NOT NULL,
  `numero` bigint(20) NOT NULL,
  `bairro` varchar(191) COLLATE utf8mb4_unicode_ci NOT NULL,
  `cidade_id` bigint(20) UNSIGNED NOT NULL
) ENGINE=InnoDB DEFAULT CHARSET=utf8mb4 COLLATE=utf8mb4_unicode_ci;

--
-- Fazendo dump de dados para tabela `enderecos`
--

INSERT INTO `enderecos` (`id`, `academia_id`, `rua`, `numero`, `bairro`, `cidade_id`) VALUES
(1, 4, 'Dos Marombas', 100, 'Santa Rita', 1),
(2, 7, 'Maria Rita', 1010, 'Santa Rita', 1),
(3, 8, 'Das Tulipas', 8, 'Santa Rita', 3),
(4, 1, 'Barao de Maua', 200, 'Santa Rita', 2),
(5, 2, 'Costa Rita', 12, 'Santa Rita', 2),
(6, 3, 'Das Acácias', 77, 'Tropical', 3),
(7, 9, 'São Paulo', 160, 'Santa Rita', 3),
(8, 11, 'Beco da Sola', 99, 'Santa Rita', 3),
(9, 10, 'Santa Rita', 69, 'Santa Rita', 2),
(10, 6, 'Rua Porto Alegre', 980, 'Santa Rita', 1),
(11, 5, 'Dos Amazonas', 222, 'Santa Rita', 1);

-- --------------------------------------------------------

--
-- Estrutura para tabela `exercicios`
--

CREATE TABLE `exercicios` (
  `id` bigint(20) UNSIGNED NOT NULL,
  `descricao` varchar(191) COLLATE utf8mb4_unicode_ci NOT NULL,
  `imagem` varchar(191) COLLATE utf8mb4_unicode_ci NOT NULL,
  `grupo_exercicio_id` bigint(20) UNSIGNED NOT NULL
) ENGINE=InnoDB DEFAULT CHARSET=utf8mb4 COLLATE=utf8mb4_unicode_ci;

--
-- Fazendo dump de dados para tabela `exercicios`
--

INSERT INTO `exercicios` (`id`, `descricao`, `imagem`, `grupo_exercicio_id`) VALUES
(1, 'Rosca Inversa', 'link_1.img', 1),
(9, 'Rosca Concentrada', 'link_2.img', 1),
(10, 'Rosca Martelo', 'link_3.img', 1),
(13, 'Rosca Direta', 'link_4.img', 1),
(14, 'Rosca Alternada', 'link_5.img', 1),
(15, 'Remada Unilateral', 'link_6.img', 2),
(16, 'Puxada na Frente com Triângulo e Polia Alta', 'link_7.img', 2),
(17, 'Puxada na Frente com Polia Alta', 'link_8.img', 2),
(18, 'Puxada Alta com Braços Estendidos', 'link_9.img', 2),
(19, 'Crucifixo', 'link_10.img', 3),
(20, 'Crossover', 'link_11.img', 3),
(21, 'Supino Inclinado', 'link_12.img', 3),
(22, 'Supino Reto', 'link_13.img', 3),
(23, 'Glúteos Quatro Apoios e Perna Estendida', 'link_14.img', 4),
(24, 'Abdução de Quadril', 'link_15.img', 4),
(25, 'Mesa Flexora', 'link_16.img', 4),
(26, 'Cadeira Extensora', 'link_17.img', 4),
(31, 'Leg Press Inclinado', 'link_18.img', 4),
(32, 'Gêmeos Sentado', 'link_19.img', 4),
(33, 'Trícips Francês', 'link_20.img', 5),
(34, 'Kick Back', 'link_21.img', 5),
(35, 'Corda', 'link_22.img', 5),
(36, 'Pulley', 'link_23.img', 5),
(37, 'Remada Alta', 'link_24.img', 6),
(38, 'Desenvolvimento com Halteres', 'link_25.img', 6),
(41, 'Elevação Frontal', 'link_26.img', 6),
(42, 'Elevação Lateral', 'link_27.img', 6);

-- --------------------------------------------------------

--
-- Estrutura para tabela `grupo_exercicios`
--

CREATE TABLE `grupo_exercicios` (
  `id` bigint(20) UNSIGNED NOT NULL,
  `descricao` varchar(191) COLLATE utf8mb4_unicode_ci NOT NULL,
  `created_at` timestamp NULL DEFAULT NULL,
  `updated_at` timestamp NULL DEFAULT NULL
) ENGINE=InnoDB DEFAULT CHARSET=utf8mb4 COLLATE=utf8mb4_unicode_ci;

--
-- Fazendo dump de dados para tabela `grupo_exercicios`
--

INSERT INTO `grupo_exercicios` (`id`, `descricao`, `created_at`, `updated_at`) VALUES
(1, 'Bícips', NULL, NULL),
(2, 'Costas', NULL, NULL),
(3, 'Peito', NULL, NULL),
(4, 'Perna', NULL, NULL),
(5, 'Tríceps', NULL, NULL),
(6, 'Ombro', NULL, NULL);

-- --------------------------------------------------------

--
-- Estrutura para tabela `lista_exercicios`
--

CREATE TABLE `lista_exercicios` (
  `id` bigint(20) UNSIGNED NOT NULL,
  `treino_id` bigint(20) UNSIGNED NOT NULL,
  `exercicio_id` bigint(20) UNSIGNED NOT NULL
) ENGINE=InnoDB DEFAULT CHARSET=utf8mb4 COLLATE=utf8mb4_unicode_ci;

--
-- Fazendo dump de dados para tabela `lista_exercicios`
--

INSERT INTO `lista_exercicios` (`id`, `treino_id`, `exercicio_id`) VALUES
(1, 1, 1),
(2, 1, 9),
(3, 1, 10),
(4, 1, 13),
(5, 1, 14),
(6, 1, 15),
(7, 1, 16),
(8, 1, 17),
(9, 1, 18),
(10, 1, 19),
(11, 1, 20),
(12, 1, 21),
(13, 1, 22),
(14, 1, 23),
(15, 1, 24),
(16, 2, 25),
(17, 2, 26),
(18, 2, 31),
(19, 2, 32),
(20, 2, 33),
(21, 2, 34),
(22, 2, 35),
(23, 2, 36),
(24, 2, 37),
(25, 2, 38),
(26, 2, 41),
(27, 2, 42),
(28, 2, 1),
(29, 2, 31),
(30, 2, 9),
(31, 3, 10),
(32, 3, 13),
(33, 3, 32),
(34, 3, 15),
(35, 3, 16),
(36, 3, 18),
(37, 3, 21),
(38, 3, 22),
(39, 3, 23),
(40, 3, 24),
(41, 4, 1),
(42, 4, 9),
(43, 4, 10),
(44, 4, 13),
(45, 4, 14),
(46, 4, 15),
(47, 4, 16),
(48, 4, 17),
(49, 4, 18),
(50, 4, 19),
(51, 4, 20),
(52, 4, 21),
(53, 4, 22),
(54, 4, 23),
(55, 4, 24),
(56, 5, 25),
(57, 5, 26),
(58, 5, 31),
(59, 5, 32),
(60, 5, 33),
(61, 5, 34),
(62, 5, 35),
(63, 5, 36),
(64, 5, 37),
(65, 5, 38),
(66, 5, 41),
(67, 5, 42),
(68, 5, 1),
(69, 5, 31),
(70, 5, 9),
(71, 6, 10),
(72, 6, 32),
(73, 6, 13),
(74, 6, 15),
(75, 7, 16),
(76, 7, 18),
(77, 7, 21),
(78, 7, 22),
(79, 7, 23),
(80, 7, 24),
(81, 7, 41),
(82, 7, 41),
(83, 7, 42),
(84, 7, 1),
(85, 8, 31),
(86, 8, 9),
(87, 8, 10),
(88, 8, 13),
(89, 8, 13),
(90, 8, 15),
(91, 8, 16),
(92, 8, 18),
(93, 8, 21),
(94, 8, 22),
(95, 8, 23),
(96, 8, 24);

-- --------------------------------------------------------

--
-- Estrutura para tabela `migrations`
--

CREATE TABLE `migrations` (
  `id` int(10) UNSIGNED NOT NULL,
  `migration` varchar(191) COLLATE utf8mb4_unicode_ci NOT NULL,
  `batch` int(11) NOT NULL
) ENGINE=InnoDB DEFAULT CHARSET=utf8mb4 COLLATE=utf8mb4_unicode_ci;

--
-- Fazendo dump de dados para tabela `migrations`
--

INSERT INTO `migrations` (`id`, `migration`, `batch`) VALUES
(1, '2013_10_11_035936_create_tipos_usuarios_table', 1),
(21, '2013_10_11_035936_create_tipo_usuarios_table', 2),
(22, '2014_10_12_000000_create_users_table', 2),
(23, '2014_10_12_100000_create_password_resets_table', 2),
(24, '2016_06_01_000001_create_oauth_auth_codes_table', 2),
(25, '2016_06_01_000002_create_oauth_access_tokens_table', 2),
(26, '2016_06_01_000003_create_oauth_refresh_tokens_table', 2),
(27, '2016_06_01_000004_create_oauth_clients_table', 2),
(28, '2016_06_01_000005_create_oauth_personal_access_clients_table', 2),
(29, '2019_07_28_040043_create_ufs_table', 2),
(30, '2019_07_28_040055_create_cidades_table', 2),
(31, '2019_07_29_170836_create_academias_table', 2),
(32, '2019_07_29_170837_create_enderecos_table', 2),
(33, '2019_07_29_170859_create_cotas_table', 2),
(34, '2019_07_29_170910_create_avaliacao_fisicas_table', 2),
(35, '2019_07_29_170919_create_treinos_table', 2),
(36, '2019_07_29_170929_create_treino_atletas_table', 2),
(37, '2019_07_29_170937_create_exercicios_table', 2),
(38, '2019_07_29_170943_create_lista_exercicios_table', 2),
(39, '2019_07_29_170955_create_anamnese_bases_table', 2),
(40, '2019_07_29_171000_create_anamnese_complementars_table', 2),
(41, '2019_08_03_005915_create_grupos_table', 3),
(42, '2019_08_03_010846_add_grupo_id_table_users', 4),
(43, '2019_08_03_005915_create_grupo_exercicios_table', 5),
(44, '2019_08_03_013714_create_grupo_exercicios_table', 6),
(45, '2019_08_03_013914_add_grupo_exercicio_id_table_exercicios', 7),
(46, '2019_08_03_014511_create_grupo_exercicios_table', 8),
(47, '2019_08_03_015545_update_exercicios_table', 9);

-- --------------------------------------------------------

--
-- Estrutura para tabela `oauth_access_tokens`
--

CREATE TABLE `oauth_access_tokens` (
  `id` varchar(100) COLLATE utf8mb4_unicode_ci NOT NULL,
  `user_id` int(11) DEFAULT NULL,
  `client_id` int(10) UNSIGNED NOT NULL,
  `name` varchar(191) COLLATE utf8mb4_unicode_ci DEFAULT NULL,
  `scopes` text COLLATE utf8mb4_unicode_ci,
  `revoked` tinyint(1) NOT NULL,
  `created_at` timestamp NULL DEFAULT NULL,
  `updated_at` timestamp NULL DEFAULT NULL,
  `expires_at` datetime DEFAULT NULL
) ENGINE=InnoDB DEFAULT CHARSET=utf8mb4 COLLATE=utf8mb4_unicode_ci;

--
-- Fazendo dump de dados para tabela `oauth_access_tokens`
--

INSERT INTO `oauth_access_tokens` (`id`, `user_id`, `client_id`, `name`, `scopes`, `revoked`, `created_at`, `updated_at`, `expires_at`) VALUES
('72fa1f41d041b9ee6c251a5f1a4ca7177f4d213d661a90eeaa19d7e5440aab6ebe4c521fba71fff2', 1, 1, 'paulo@mail.com', '[]', 0, '2019-07-29 20:32:49', '2019-07-29 20:32:49', '2020-07-29 17:32:49');

-- --------------------------------------------------------

--
-- Estrutura para tabela `oauth_auth_codes`
--

CREATE TABLE `oauth_auth_codes` (
  `id` varchar(100) COLLATE utf8mb4_unicode_ci NOT NULL,
  `user_id` int(11) NOT NULL,
  `client_id` int(10) UNSIGNED NOT NULL,
  `scopes` text COLLATE utf8mb4_unicode_ci,
  `revoked` tinyint(1) NOT NULL,
  `expires_at` datetime DEFAULT NULL
) ENGINE=InnoDB DEFAULT CHARSET=utf8mb4 COLLATE=utf8mb4_unicode_ci;

-- --------------------------------------------------------

--
-- Estrutura para tabela `oauth_clients`
--

CREATE TABLE `oauth_clients` (
  `id` int(10) UNSIGNED NOT NULL,
  `user_id` int(11) DEFAULT NULL,
  `name` varchar(191) COLLATE utf8mb4_unicode_ci NOT NULL,
  `secret` varchar(100) COLLATE utf8mb4_unicode_ci NOT NULL,
  `redirect` text COLLATE utf8mb4_unicode_ci NOT NULL,
  `personal_access_client` tinyint(1) NOT NULL,
  `password_client` tinyint(1) NOT NULL,
  `revoked` tinyint(1) NOT NULL,
  `created_at` timestamp NULL DEFAULT NULL,
  `updated_at` timestamp NULL DEFAULT NULL
) ENGINE=InnoDB DEFAULT CHARSET=utf8mb4 COLLATE=utf8mb4_unicode_ci;

--
-- Fazendo dump de dados para tabela `oauth_clients`
--

INSERT INTO `oauth_clients` (`id`, `user_id`, `name`, `secret`, `redirect`, `personal_access_client`, `password_client`, `revoked`, `created_at`, `updated_at`) VALUES
(1, NULL, 'Laravel Personal Access Client', 'N7qnMnm7O6KQH4VmtCoGV8Ls86qTsuaIPaIzm1F7', 'http://localhost', 1, 0, 0, '2019-07-29 20:28:17', '2019-07-29 20:28:17'),
(2, NULL, 'Laravel Password Grant Client', 'P81NZkyP73zjwVuPm9bsUg1iPhCaduo6opbs3t8j', 'http://localhost', 0, 1, 0, '2019-07-29 20:28:17', '2019-07-29 20:28:17');

-- --------------------------------------------------------

--
-- Estrutura para tabela `oauth_personal_access_clients`
--

CREATE TABLE `oauth_personal_access_clients` (
  `id` int(10) UNSIGNED NOT NULL,
  `client_id` int(10) UNSIGNED NOT NULL,
  `created_at` timestamp NULL DEFAULT NULL,
  `updated_at` timestamp NULL DEFAULT NULL
) ENGINE=InnoDB DEFAULT CHARSET=utf8mb4 COLLATE=utf8mb4_unicode_ci;

--
-- Fazendo dump de dados para tabela `oauth_personal_access_clients`
--

INSERT INTO `oauth_personal_access_clients` (`id`, `client_id`, `created_at`, `updated_at`) VALUES
(1, 1, '2019-07-29 20:28:17', '2019-07-29 20:28:17');

-- --------------------------------------------------------

--
-- Estrutura para tabela `oauth_refresh_tokens`
--

CREATE TABLE `oauth_refresh_tokens` (
  `id` varchar(100) COLLATE utf8mb4_unicode_ci NOT NULL,
  `access_token_id` varchar(100) COLLATE utf8mb4_unicode_ci NOT NULL,
  `revoked` tinyint(1) NOT NULL,
  `expires_at` datetime DEFAULT NULL
) ENGINE=InnoDB DEFAULT CHARSET=utf8mb4 COLLATE=utf8mb4_unicode_ci;

-- --------------------------------------------------------

--
-- Estrutura para tabela `password_resets`
--

CREATE TABLE `password_resets` (
  `email` varchar(191) COLLATE utf8mb4_unicode_ci NOT NULL,
  `token` varchar(191) COLLATE utf8mb4_unicode_ci NOT NULL,
  `created_at` timestamp NULL DEFAULT NULL
) ENGINE=InnoDB DEFAULT CHARSET=utf8mb4 COLLATE=utf8mb4_unicode_ci;

-- --------------------------------------------------------

--
-- Estrutura para tabela `tipo_usuarios`
--

CREATE TABLE `tipo_usuarios` (
  `id` bigint(20) UNSIGNED NOT NULL,
  `descricao` varchar(191) COLLATE utf8mb4_unicode_ci NOT NULL
) ENGINE=InnoDB DEFAULT CHARSET=utf8mb4 COLLATE=utf8mb4_unicode_ci;

--
-- Fazendo dump de dados para tabela `tipo_usuarios`
--

INSERT INTO `tipo_usuarios` (`id`, `descricao`) VALUES
(1, 'Administrador'),
(3, 'Atleta'),
(2, 'Owner');

-- --------------------------------------------------------

--
-- Estrutura para tabela `treino_atletas`
--

CREATE TABLE `treino_atletas` (
  `id` bigint(20) UNSIGNED NOT NULL,
  `treino_id` bigint(20) UNSIGNED NOT NULL,
  `cota_id` bigint(20) UNSIGNED NOT NULL,
  `created_at` timestamp NULL DEFAULT NULL,
  `updated_at` timestamp NULL DEFAULT NULL
) ENGINE=InnoDB DEFAULT CHARSET=utf8mb4 COLLATE=utf8mb4_unicode_ci;

--
-- Fazendo dump de dados para tabela `treino_atletas`
--

INSERT INTO `treino_atletas` (`id`, `treino_id`, `cota_id`, `created_at`, `updated_at`) VALUES
(1, 2, 1, NULL, NULL),
(2, 1, 2, NULL, NULL),
(3, 3, 3, NULL, NULL),
(4, 2, 4, NULL, NULL),
(5, 1, 6, NULL, NULL),
(6, 3, 7, NULL, NULL);

-- --------------------------------------------------------

--
-- Estrutura para tabela `treinos`
--

CREATE TABLE `treinos` (
  `id` bigint(20) UNSIGNED NOT NULL,
  `descricao` varchar(191) COLLATE utf8mb4_unicode_ci NOT NULL
) ENGINE=InnoDB DEFAULT CHARSET=utf8mb4 COLLATE=utf8mb4_unicode_ci;

--
-- Fazendo dump de dados para tabela `treinos`
--

INSERT INTO `treinos` (`id`, `descricao`) VALUES
(1, 'Treino_1'),
(2, 'Treino_2'),
(3, 'Treino_3'),
(4, 'Treino_4'),
(5, 'Treino_5'),
(6, 'Treino_6'),
(7, 'Treino_7'),
(8, 'Treino_8');

-- --------------------------------------------------------

--
-- Estrutura para tabela `ufs`
--

CREATE TABLE `ufs` (
  `id` bigint(20) UNSIGNED NOT NULL,
  `sigla` varchar(191) COLLATE utf8mb4_unicode_ci NOT NULL,
  `descricao` varchar(191) COLLATE utf8mb4_unicode_ci NOT NULL
) ENGINE=InnoDB DEFAULT CHARSET=utf8mb4 COLLATE=utf8mb4_unicode_ci;

--
-- Fazendo dump de dados para tabela `ufs`
--

INSERT INTO `ufs` (`id`, `sigla`, `descricao`) VALUES
(1, 'AC', 'Acre'),
(2, 'AL', 'Alagoas'),
(3, 'AP', 'Amapá'),
(4, 'AM', 'Amazonas'),
(5, 'BA', 'Bahia'),
(6, 'CE', 'Ceará'),
(7, 'DF', 'Distrito Federal'),
(8, 'ES', 'Espírito Santo'),
(9, 'GO', 'Goiás'),
(10, 'MA', 'Maranhão'),
(11, 'MT', 'Mato Grosso'),
(12, 'MS', 'Mato Grosso do Sul'),
(13, 'MG', 'Minas Gerais'),
(14, 'PA', 'Pará'),
(15, 'PB', 'Paraiba'),
(16, 'PR', 'Parana'),
(17, 'PE', 'Pernambuco'),
(18, 'PI', 'Piauí'),
(19, 'RJ', 'Rio de Janeiro'),
(20, 'RN', 'Rio Grando do Norte'),
(21, 'RS', 'Rio Grando do Sul'),
(22, 'RO', 'Rondônia'),
(23, 'RR', 'Roraima'),
(24, 'SC', 'Santa Catarina'),
(25, 'SP', 'São Paulo'),
(26, 'SE', 'Sergipe'),
(27, 'TO', 'Tocantins');

-- --------------------------------------------------------

--
-- Estrutura para tabela `users`
--

CREATE TABLE `users` (
  `id` bigint(20) UNSIGNED NOT NULL,
  `name` varchar(191) COLLATE utf8mb4_unicode_ci NOT NULL,
  `email` varchar(191) COLLATE utf8mb4_unicode_ci NOT NULL,
  `email_verified_at` timestamp NULL DEFAULT NULL,
  `password` varchar(191) COLLATE utf8mb4_unicode_ci NOT NULL,
  `tipo_usuario_id` bigint(20) UNSIGNED NOT NULL,
  `data_nascimento` date DEFAULT NULL,
  `sexo` varchar(191) COLLATE utf8mb4_unicode_ci DEFAULT NULL,
  `remember_token` varchar(100) COLLATE utf8mb4_unicode_ci DEFAULT NULL,
  `created_at` timestamp NULL DEFAULT NULL,
  `updated_at` timestamp NULL DEFAULT NULL
) ENGINE=InnoDB DEFAULT CHARSET=utf8mb4 COLLATE=utf8mb4_unicode_ci;

--
-- Fazendo dump de dados para tabela `users`
--

INSERT INTO `users` (`id`, `name`, `email`, `email_verified_at`, `password`, `tipo_usuario_id`, `data_nascimento`, `sexo`, `remember_token`, `created_at`, `updated_at`) VALUES
(1, 'Paulo Henrique', 'paulo@mail.com', NULL, '$2y$10$tDxigA91bTIRjRHjAGUpjeaYVOWV2GITVRUvKlUHHH0oGCJrvst3W', 1, NULL, NULL, NULL, '2019-07-29 20:32:49', '2019-07-29 20:32:49'),
(2, 'Pedro', 'pedro@mail.com', '2019-07-30 03:00:00', '123456', 2, '1995-06-30', 'Masculino', NULL, '2019-07-30 03:00:00', '2019-07-30 03:00:00'),
(3, 'Fernanda', 'fernanda@mail.com', '2019-07-30 03:00:00', '123456', 3, '1995-07-30', 'Feminino', NULL, '2019-07-30 03:00:00', '2019-07-30 03:00:00'),
(4, 'Edna', 'edna@mail.com', '2019-07-30 03:00:00', '123456', 3, '1975-03-03', 'Feminino', NULL, '2019-07-30 03:00:00', '2019-07-30 03:00:00'),
(5, 'Domingos', 'domingos@mail.com', '2019-07-30 03:00:00', '123456', 2, '1945-07-30', 'Masculino', NULL, '2019-07-30 03:00:00', '2019-07-30 03:00:00'),
(6, 'Jimi Hendrix', 'jimi@mail.com', '2019-07-30 03:00:00', '123456', 3, '1950-07-31', 'Masculino', NULL, '2019-07-30 03:00:00', '2019-07-30 03:00:00'),
(7, 'Nina Simone', 'nina@mail.com', '2019-07-30 03:00:00', '123456', 3, '1930-07-16', 'Feminino', NULL, NULL, NULL),
(8, 'Djonga', 'djonga@mail.com', '2019-07-30 03:00:00', '123456', 2, '1990-07-30', 'Masculino', NULL, NULL, NULL);

--
-- Índices de tabelas apagadas
--

--
-- Índices de tabela `academias`
--
ALTER TABLE `academias`
  ADD PRIMARY KEY (`id`),
  ADD UNIQUE KEY `academias_cnpj_unique` (`cnpj`),
  ADD KEY `academias_user_id_foreign` (`user_id`);

--
-- Índices de tabela `anamnese_bases`
--
ALTER TABLE `anamnese_bases`
  ADD PRIMARY KEY (`id`);

--
-- Índices de tabela `anamnese_complementars`
--
ALTER TABLE `anamnese_complementars`
  ADD PRIMARY KEY (`id`);

--
-- Índices de tabela `avaliacao_fisicas`
--
ALTER TABLE `avaliacao_fisicas`
  ADD PRIMARY KEY (`id`),
  ADD KEY `avaliacao_fisicas_cota_id_foreign` (`cota_id`);

--
-- Índices de tabela `cidades`
--
ALTER TABLE `cidades`
  ADD PRIMARY KEY (`id`),
  ADD UNIQUE KEY `cidades_cep_unique` (`cep`),
  ADD KEY `cidades_uf_id_foreign` (`uf_id`);

--
-- Índices de tabela `cotas`
--
ALTER TABLE `cotas`
  ADD PRIMARY KEY (`id`),
  ADD KEY `cotas_user_id_foreign` (`user_id`),
  ADD KEY `cotas_academia_id_foreign` (`academia_id`);

--
-- Índices de tabela `enderecos`
--
ALTER TABLE `enderecos`
  ADD PRIMARY KEY (`id`),
  ADD KEY `enderecos_academia_id_foreign` (`academia_id`),
  ADD KEY `enderecos_cidade_id_foreign` (`cidade_id`);

--
-- Índices de tabela `exercicios`
--
ALTER TABLE `exercicios`
  ADD PRIMARY KEY (`id`),
  ADD UNIQUE KEY `exercicios_imagem_unique` (`imagem`),
  ADD KEY `exercicios_grupo_exercicio_id_foreign` (`grupo_exercicio_id`);

--
-- Índices de tabela `grupo_exercicios`
--
ALTER TABLE `grupo_exercicios`
  ADD PRIMARY KEY (`id`);

--
-- Índices de tabela `lista_exercicios`
--
ALTER TABLE `lista_exercicios`
  ADD PRIMARY KEY (`id`),
  ADD KEY `exercicio_treinos_treino_id_foreign` (`treino_id`),
  ADD KEY `exercicio_treinos_exercicio_id_foreign` (`exercicio_id`);

--
-- Índices de tabela `migrations`
--
ALTER TABLE `migrations`
  ADD PRIMARY KEY (`id`);

--
-- Índices de tabela `oauth_access_tokens`
--
ALTER TABLE `oauth_access_tokens`
  ADD PRIMARY KEY (`id`),
  ADD KEY `oauth_access_tokens_user_id_index` (`user_id`);

--
-- Índices de tabela `oauth_auth_codes`
--
ALTER TABLE `oauth_auth_codes`
  ADD PRIMARY KEY (`id`);

--
-- Índices de tabela `oauth_clients`
--
ALTER TABLE `oauth_clients`
  ADD PRIMARY KEY (`id`),
  ADD KEY `oauth_clients_user_id_index` (`user_id`);

--
-- Índices de tabela `oauth_personal_access_clients`
--
ALTER TABLE `oauth_personal_access_clients`
  ADD PRIMARY KEY (`id`),
  ADD KEY `oauth_personal_access_clients_client_id_index` (`client_id`);

--
-- Índices de tabela `oauth_refresh_tokens`
--
ALTER TABLE `oauth_refresh_tokens`
  ADD PRIMARY KEY (`id`),
  ADD KEY `oauth_refresh_tokens_access_token_id_index` (`access_token_id`);

--
-- Índices de tabela `password_resets`
--
ALTER TABLE `password_resets`
  ADD KEY `password_resets_email_index` (`email`);

--
-- Índices de tabela `tipo_usuarios`
--
ALTER TABLE `tipo_usuarios`
  ADD PRIMARY KEY (`id`),
  ADD UNIQUE KEY `tipo_usuarios_descricao_unique` (`descricao`);

--
-- Índices de tabela `treino_atletas`
--
ALTER TABLE `treino_atletas`
  ADD PRIMARY KEY (`id`),
  ADD KEY `treino_atletas_cota_id_foreign` (`cota_id`),
  ADD KEY `treino_atletas_treino_id_foreign` (`treino_id`);

--
-- Índices de tabela `treinos`
--
ALTER TABLE `treinos`
  ADD PRIMARY KEY (`id`);

--
-- Índices de tabela `ufs`
--
ALTER TABLE `ufs`
  ADD PRIMARY KEY (`id`),
  ADD UNIQUE KEY `ufs_sigla_unique` (`sigla`);

--
-- Índices de tabela `users`
--
ALTER TABLE `users`
  ADD PRIMARY KEY (`id`),
  ADD UNIQUE KEY `users_email_unique` (`email`),
  ADD KEY `users_tipo_usuario_id_foreign` (`tipo_usuario_id`);

--
-- AUTO_INCREMENT de tabelas apagadas
--

--
-- AUTO_INCREMENT de tabela `academias`
--
ALTER TABLE `academias`
  MODIFY `id` bigint(20) UNSIGNED NOT NULL AUTO_INCREMENT, AUTO_INCREMENT=12;
--
-- AUTO_INCREMENT de tabela `anamnese_bases`
--
ALTER TABLE `anamnese_bases`
  MODIFY `id` bigint(20) UNSIGNED NOT NULL AUTO_INCREMENT, AUTO_INCREMENT=6;
--
-- AUTO_INCREMENT de tabela `anamnese_complementars`
--
ALTER TABLE `anamnese_complementars`
  MODIFY `id` bigint(20) UNSIGNED NOT NULL AUTO_INCREMENT, AUTO_INCREMENT=5;
--
-- AUTO_INCREMENT de tabela `avaliacao_fisicas`
--
ALTER TABLE `avaliacao_fisicas`
  MODIFY `id` bigint(20) UNSIGNED NOT NULL AUTO_INCREMENT;
--
-- AUTO_INCREMENT de tabela `cidades`
--
ALTER TABLE `cidades`
  MODIFY `id` bigint(20) UNSIGNED NOT NULL AUTO_INCREMENT, AUTO_INCREMENT=4;
--
-- AUTO_INCREMENT de tabela `cotas`
--
ALTER TABLE `cotas`
  MODIFY `id` bigint(20) UNSIGNED NOT NULL AUTO_INCREMENT, AUTO_INCREMENT=8;
--
-- AUTO_INCREMENT de tabela `enderecos`
--
ALTER TABLE `enderecos`
  MODIFY `id` bigint(20) UNSIGNED NOT NULL AUTO_INCREMENT, AUTO_INCREMENT=12;
--
-- AUTO_INCREMENT de tabela `exercicios`
--
ALTER TABLE `exercicios`
  MODIFY `id` bigint(20) UNSIGNED NOT NULL AUTO_INCREMENT, AUTO_INCREMENT=43;
--
-- AUTO_INCREMENT de tabela `grupo_exercicios`
--
ALTER TABLE `grupo_exercicios`
  MODIFY `id` bigint(20) UNSIGNED NOT NULL AUTO_INCREMENT, AUTO_INCREMENT=7;
--
-- AUTO_INCREMENT de tabela `lista_exercicios`
--
ALTER TABLE `lista_exercicios`
  MODIFY `id` bigint(20) UNSIGNED NOT NULL AUTO_INCREMENT, AUTO_INCREMENT=97;
--
-- AUTO_INCREMENT de tabela `migrations`
--
ALTER TABLE `migrations`
  MODIFY `id` int(10) UNSIGNED NOT NULL AUTO_INCREMENT, AUTO_INCREMENT=48;
--
-- AUTO_INCREMENT de tabela `oauth_clients`
--
ALTER TABLE `oauth_clients`
  MODIFY `id` int(10) UNSIGNED NOT NULL AUTO_INCREMENT, AUTO_INCREMENT=3;
--
-- AUTO_INCREMENT de tabela `oauth_personal_access_clients`
--
ALTER TABLE `oauth_personal_access_clients`
  MODIFY `id` int(10) UNSIGNED NOT NULL AUTO_INCREMENT, AUTO_INCREMENT=2;
--
-- AUTO_INCREMENT de tabela `tipo_usuarios`
--
ALTER TABLE `tipo_usuarios`
  MODIFY `id` bigint(20) UNSIGNED NOT NULL AUTO_INCREMENT, AUTO_INCREMENT=4;
--
-- AUTO_INCREMENT de tabela `treino_atletas`
--
ALTER TABLE `treino_atletas`
  MODIFY `id` bigint(20) UNSIGNED NOT NULL AUTO_INCREMENT, AUTO_INCREMENT=7;
--
-- AUTO_INCREMENT de tabela `treinos`
--
ALTER TABLE `treinos`
  MODIFY `id` bigint(20) UNSIGNED NOT NULL AUTO_INCREMENT, AUTO_INCREMENT=9;
--
-- AUTO_INCREMENT de tabela `ufs`
--
ALTER TABLE `ufs`
  MODIFY `id` bigint(20) UNSIGNED NOT NULL AUTO_INCREMENT, AUTO_INCREMENT=28;
--
-- AUTO_INCREMENT de tabela `users`
--
ALTER TABLE `users`
  MODIFY `id` bigint(20) UNSIGNED NOT NULL AUTO_INCREMENT, AUTO_INCREMENT=9;
--
-- Restrições para dumps de tabelas
--

--
-- Restrições para tabelas `academias`
--
ALTER TABLE `academias`
  ADD CONSTRAINT `academias_user_id_foreign` FOREIGN KEY (`user_id`) REFERENCES `users` (`id`) ON DELETE CASCADE;

--
-- Restrições para tabelas `avaliacao_fisicas`
--
ALTER TABLE `avaliacao_fisicas`
  ADD CONSTRAINT `avaliacao_fisicas_cota_id_foreign` FOREIGN KEY (`cota_id`) REFERENCES `cotas` (`id`) ON DELETE CASCADE;

--
-- Restrições para tabelas `cidades`
--
ALTER TABLE `cidades`
  ADD CONSTRAINT `cidades_uf_id_foreign` FOREIGN KEY (`uf_id`) REFERENCES `ufs` (`id`) ON DELETE CASCADE;

--
-- Restrições para tabelas `cotas`
--
ALTER TABLE `cotas`
  ADD CONSTRAINT `cotas_academia_id_foreign` FOREIGN KEY (`academia_id`) REFERENCES `academias` (`id`) ON DELETE CASCADE,
  ADD CONSTRAINT `cotas_user_id_foreign` FOREIGN KEY (`user_id`) REFERENCES `users` (`id`) ON DELETE CASCADE;

--
-- Restrições para tabelas `enderecos`
--
ALTER TABLE `enderecos`
  ADD CONSTRAINT `enderecos_academia_id_foreign` FOREIGN KEY (`academia_id`) REFERENCES `academias` (`id`) ON DELETE CASCADE,
  ADD CONSTRAINT `enderecos_cidade_id_foreign` FOREIGN KEY (`cidade_id`) REFERENCES `cidades` (`id`) ON DELETE CASCADE;

--
-- Restrições para tabelas `exercicios`
--
ALTER TABLE `exercicios`
  ADD CONSTRAINT `exercicios_grupo_exercicio_id_foreign` FOREIGN KEY (`grupo_exercicio_id`) REFERENCES `grupo_exercicios` (`id`) ON DELETE CASCADE;

--
-- Restrições para tabelas `lista_exercicios`
--
ALTER TABLE `lista_exercicios`
  ADD CONSTRAINT `exercicio_treinos_exercicio_id_foreign` FOREIGN KEY (`exercicio_id`) REFERENCES `exercicios` (`id`) ON DELETE CASCADE,
  ADD CONSTRAINT `exercicio_treinos_treino_id_foreign` FOREIGN KEY (`treino_id`) REFERENCES `treinos` (`id`) ON DELETE CASCADE;

--
-- Restrições para tabelas `treino_atletas`
--
ALTER TABLE `treino_atletas`
  ADD CONSTRAINT `treino_atletas_cota_id_foreign` FOREIGN KEY (`cota_id`) REFERENCES `cotas` (`id`) ON DELETE CASCADE,
  ADD CONSTRAINT `treino_atletas_treino_id_foreign` FOREIGN KEY (`treino_id`) REFERENCES `treinos` (`id`) ON DELETE CASCADE;

--
-- Restrições para tabelas `users`
--
ALTER TABLE `users`
  ADD CONSTRAINT `users_tipo_usuario_id_foreign` FOREIGN KEY (`tipo_usuario_id`) REFERENCES `tipo_usuarios` (`id`);
--
-- Banco de dados: `phpmyadmin`
--
CREATE DATABASE IF NOT EXISTS `phpmyadmin` DEFAULT CHARACTER SET utf8mb4 COLLATE utf8mb4_general_ci;
USE `phpmyadmin`;

-- --------------------------------------------------------

--
-- Estrutura para tabela `pma__bookmark`
--

CREATE TABLE `pma__bookmark` (
  `id` int(11) NOT NULL,
  `dbase` varchar(255) COLLATE utf8_bin NOT NULL DEFAULT '',
  `user` varchar(255) COLLATE utf8_bin NOT NULL DEFAULT '',
  `label` varchar(255) CHARACTER SET utf8 NOT NULL DEFAULT '',
  `query` text COLLATE utf8_bin NOT NULL
) ENGINE=InnoDB DEFAULT CHARSET=utf8 COLLATE=utf8_bin COMMENT='Bookmarks';

-- --------------------------------------------------------

--
-- Estrutura para tabela `pma__central_columns`
--

CREATE TABLE `pma__central_columns` (
  `db_name` varchar(64) COLLATE utf8_bin NOT NULL,
  `col_name` varchar(64) COLLATE utf8_bin NOT NULL,
  `col_type` varchar(64) COLLATE utf8_bin NOT NULL,
  `col_length` text COLLATE utf8_bin,
  `col_collation` varchar(64) COLLATE utf8_bin NOT NULL,
  `col_isNull` tinyint(1) NOT NULL,
  `col_extra` varchar(255) COLLATE utf8_bin DEFAULT '',
  `col_default` text COLLATE utf8_bin
) ENGINE=InnoDB DEFAULT CHARSET=utf8 COLLATE=utf8_bin COMMENT='Central list of columns';

-- --------------------------------------------------------

--
-- Estrutura para tabela `pma__column_info`
--

CREATE TABLE `pma__column_info` (
  `id` int(5) UNSIGNED NOT NULL,
  `db_name` varchar(64) COLLATE utf8_bin NOT NULL DEFAULT '',
  `table_name` varchar(64) COLLATE utf8_bin NOT NULL DEFAULT '',
  `column_name` varchar(64) COLLATE utf8_bin NOT NULL DEFAULT '',
  `comment` varchar(255) CHARACTER SET utf8 NOT NULL DEFAULT '',
  `mimetype` varchar(255) CHARACTER SET utf8 NOT NULL DEFAULT '',
  `transformation` varchar(255) COLLATE utf8_bin NOT NULL DEFAULT '',
  `transformation_options` varchar(255) COLLATE utf8_bin NOT NULL DEFAULT '',
  `input_transformation` varchar(255) COLLATE utf8_bin NOT NULL DEFAULT '',
  `input_transformation_options` varchar(255) COLLATE utf8_bin NOT NULL DEFAULT ''
) ENGINE=InnoDB DEFAULT CHARSET=utf8 COLLATE=utf8_bin COMMENT='Column information for phpMyAdmin';

-- --------------------------------------------------------

--
-- Estrutura para tabela `pma__designer_settings`
--

CREATE TABLE `pma__designer_settings` (
  `username` varchar(64) COLLATE utf8_bin NOT NULL,
  `settings_data` text COLLATE utf8_bin NOT NULL
) ENGINE=InnoDB DEFAULT CHARSET=utf8 COLLATE=utf8_bin COMMENT='Settings related to Designer';

--
-- Fazendo dump de dados para tabela `pma__designer_settings`
--

INSERT INTO `pma__designer_settings` (`username`, `settings_data`) VALUES
('administrador', '{\"angular_direct\":\"direct\",\"relation_lines\":\"true\",\"snap_to_grid\":\"off\",\"full_screen\":\"on\"}');

-- --------------------------------------------------------

--
-- Estrutura para tabela `pma__export_templates`
--

CREATE TABLE `pma__export_templates` (
  `id` int(5) UNSIGNED NOT NULL,
  `username` varchar(64) COLLATE utf8_bin NOT NULL,
  `export_type` varchar(10) COLLATE utf8_bin NOT NULL,
  `template_name` varchar(64) COLLATE utf8_bin NOT NULL,
  `template_data` text COLLATE utf8_bin NOT NULL
) ENGINE=InnoDB DEFAULT CHARSET=utf8 COLLATE=utf8_bin COMMENT='Saved export templates';

-- --------------------------------------------------------

--
-- Estrutura para tabela `pma__favorite`
--

CREATE TABLE `pma__favorite` (
  `username` varchar(64) COLLATE utf8_bin NOT NULL,
  `tables` text COLLATE utf8_bin NOT NULL
) ENGINE=InnoDB DEFAULT CHARSET=utf8 COLLATE=utf8_bin COMMENT='Favorite tables';

-- --------------------------------------------------------

--
-- Estrutura para tabela `pma__history`
--

CREATE TABLE `pma__history` (
  `id` bigint(20) UNSIGNED NOT NULL,
  `username` varchar(64) COLLATE utf8_bin NOT NULL DEFAULT '',
  `db` varchar(64) COLLATE utf8_bin NOT NULL DEFAULT '',
  `table` varchar(64) COLLATE utf8_bin NOT NULL DEFAULT '',
  `timevalue` timestamp NOT NULL DEFAULT CURRENT_TIMESTAMP,
  `sqlquery` text COLLATE utf8_bin NOT NULL
) ENGINE=InnoDB DEFAULT CHARSET=utf8 COLLATE=utf8_bin COMMENT='SQL history for phpMyAdmin';

-- --------------------------------------------------------

--
-- Estrutura para tabela `pma__navigationhiding`
--

CREATE TABLE `pma__navigationhiding` (
  `username` varchar(64) COLLATE utf8_bin NOT NULL,
  `item_name` varchar(64) COLLATE utf8_bin NOT NULL,
  `item_type` varchar(64) COLLATE utf8_bin NOT NULL,
  `db_name` varchar(64) COLLATE utf8_bin NOT NULL,
  `table_name` varchar(64) COLLATE utf8_bin NOT NULL
) ENGINE=InnoDB DEFAULT CHARSET=utf8 COLLATE=utf8_bin COMMENT='Hidden items of navigation tree';

-- --------------------------------------------------------

--
-- Estrutura para tabela `pma__pdf_pages`
--

CREATE TABLE `pma__pdf_pages` (
  `db_name` varchar(64) COLLATE utf8_bin NOT NULL DEFAULT '',
  `page_nr` int(10) UNSIGNED NOT NULL,
  `page_descr` varchar(50) CHARACTER SET utf8 NOT NULL DEFAULT ''
) ENGINE=InnoDB DEFAULT CHARSET=utf8 COLLATE=utf8_bin COMMENT='PDF relation pages for phpMyAdmin';

--
-- Fazendo dump de dados para tabela `pma__pdf_pages`
--

INSERT INTO `pma__pdf_pages` (`db_name`, `page_nr`, `page_descr`) VALUES
('mygym', 1, 'Mygym');

-- --------------------------------------------------------

--
-- Estrutura para tabela `pma__recent`
--

CREATE TABLE `pma__recent` (
  `username` varchar(64) COLLATE utf8_bin NOT NULL,
  `tables` text COLLATE utf8_bin NOT NULL
) ENGINE=InnoDB DEFAULT CHARSET=utf8 COLLATE=utf8_bin COMMENT='Recently accessed tables';

--
-- Fazendo dump de dados para tabela `pma__recent`
--

INSERT INTO `pma__recent` (`username`, `tables`) VALUES
('administrador', '[{\"db\":\"mygym\",\"table\":\"migrations\"},{\"db\":\"mygym\",\"table\":\"grupo_exercicios\"},{\"db\":\"mygym\",\"table\":\"lista_exercicios\"},{\"db\":\"mygym\",\"table\":\"exercicios\"},{\"db\":\"mygym\",\"table\":\"cidades\"},{\"db\":\"mygym\",\"table\":\"grupos\"},{\"db\":\"mygym\",\"table\":\"treino_atletas\"},{\"db\":\"mygym\",\"table\":\"treinos\"},{\"db\":\"mygym\",\"table\":\"tipo_usuarios\"},{\"db\":\"mygym\",\"table\":\"cotas\"}]');

-- --------------------------------------------------------

--
-- Estrutura para tabela `pma__relation`
--

CREATE TABLE `pma__relation` (
  `master_db` varchar(64) COLLATE utf8_bin NOT NULL DEFAULT '',
  `master_table` varchar(64) COLLATE utf8_bin NOT NULL DEFAULT '',
  `master_field` varchar(64) COLLATE utf8_bin NOT NULL DEFAULT '',
  `foreign_db` varchar(64) COLLATE utf8_bin NOT NULL DEFAULT '',
  `foreign_table` varchar(64) COLLATE utf8_bin NOT NULL DEFAULT '',
  `foreign_field` varchar(64) COLLATE utf8_bin NOT NULL DEFAULT ''
) ENGINE=InnoDB DEFAULT CHARSET=utf8 COLLATE=utf8_bin COMMENT='Relation table';

-- --------------------------------------------------------

--
-- Estrutura para tabela `pma__savedsearches`
--

CREATE TABLE `pma__savedsearches` (
  `id` int(5) UNSIGNED NOT NULL,
  `username` varchar(64) COLLATE utf8_bin NOT NULL DEFAULT '',
  `db_name` varchar(64) COLLATE utf8_bin NOT NULL DEFAULT '',
  `search_name` varchar(64) COLLATE utf8_bin NOT NULL DEFAULT '',
  `search_data` text COLLATE utf8_bin NOT NULL
) ENGINE=InnoDB DEFAULT CHARSET=utf8 COLLATE=utf8_bin COMMENT='Saved searches';

-- --------------------------------------------------------

--
-- Estrutura para tabela `pma__table_coords`
--

CREATE TABLE `pma__table_coords` (
  `db_name` varchar(64) COLLATE utf8_bin NOT NULL DEFAULT '',
  `table_name` varchar(64) COLLATE utf8_bin NOT NULL DEFAULT '',
  `pdf_page_number` int(11) NOT NULL DEFAULT '0',
  `x` float UNSIGNED NOT NULL DEFAULT '0',
  `y` float UNSIGNED NOT NULL DEFAULT '0'
) ENGINE=InnoDB DEFAULT CHARSET=utf8 COLLATE=utf8_bin COMMENT='Table coordinates for phpMyAdmin PDF output';

-- --------------------------------------------------------

--
-- Estrutura para tabela `pma__table_info`
--

CREATE TABLE `pma__table_info` (
  `db_name` varchar(64) COLLATE utf8_bin NOT NULL DEFAULT '',
  `table_name` varchar(64) COLLATE utf8_bin NOT NULL DEFAULT '',
  `display_field` varchar(64) COLLATE utf8_bin NOT NULL DEFAULT ''
) ENGINE=InnoDB DEFAULT CHARSET=utf8 COLLATE=utf8_bin COMMENT='Table information for phpMyAdmin';

-- --------------------------------------------------------

--
-- Estrutura para tabela `pma__table_uiprefs`
--

CREATE TABLE `pma__table_uiprefs` (
  `username` varchar(64) COLLATE utf8_bin NOT NULL,
  `db_name` varchar(64) COLLATE utf8_bin NOT NULL,
  `table_name` varchar(64) COLLATE utf8_bin NOT NULL,
  `prefs` text COLLATE utf8_bin NOT NULL,
  `last_update` timestamp NOT NULL DEFAULT CURRENT_TIMESTAMP ON UPDATE CURRENT_TIMESTAMP
) ENGINE=InnoDB DEFAULT CHARSET=utf8 COLLATE=utf8_bin COMMENT='Tables'' UI preferences';

-- --------------------------------------------------------

--
-- Estrutura para tabela `pma__tracking`
--

CREATE TABLE `pma__tracking` (
  `db_name` varchar(64) COLLATE utf8_bin NOT NULL,
  `table_name` varchar(64) COLLATE utf8_bin NOT NULL,
  `version` int(10) UNSIGNED NOT NULL,
  `date_created` datetime NOT NULL,
  `date_updated` datetime NOT NULL,
  `schema_snapshot` text COLLATE utf8_bin NOT NULL,
  `schema_sql` text COLLATE utf8_bin,
  `data_sql` longtext COLLATE utf8_bin,
  `tracking` set('UPDATE','REPLACE','INSERT','DELETE','TRUNCATE','CREATE DATABASE','ALTER DATABASE','DROP DATABASE','CREATE TABLE','ALTER TABLE','RENAME TABLE','DROP TABLE','CREATE INDEX','DROP INDEX','CREATE VIEW','ALTER VIEW','DROP VIEW') COLLATE utf8_bin DEFAULT NULL,
  `tracking_active` int(1) UNSIGNED NOT NULL DEFAULT '1'
) ENGINE=InnoDB DEFAULT CHARSET=utf8 COLLATE=utf8_bin COMMENT='Database changes tracking for phpMyAdmin';

-- --------------------------------------------------------

--
-- Estrutura para tabela `pma__userconfig`
--

CREATE TABLE `pma__userconfig` (
  `username` varchar(64) COLLATE utf8_bin NOT NULL,
  `timevalue` timestamp NOT NULL DEFAULT CURRENT_TIMESTAMP ON UPDATE CURRENT_TIMESTAMP,
  `config_data` text COLLATE utf8_bin NOT NULL
) ENGINE=InnoDB DEFAULT CHARSET=utf8 COLLATE=utf8_bin COMMENT='User preferences storage for phpMyAdmin';

--
-- Fazendo dump de dados para tabela `pma__userconfig`
--

INSERT INTO `pma__userconfig` (`username`, `timevalue`, `config_data`) VALUES
('administrador', '2019-07-31 22:15:48', '{\"lang\":\"pt_BR\",\"collation_connection\":\"utf8mb4_unicode_ci\",\"ThemeDefault\":\"pmahomme\"}');

-- --------------------------------------------------------

--
-- Estrutura para tabela `pma__usergroups`
--

CREATE TABLE `pma__usergroups` (
  `usergroup` varchar(64) COLLATE utf8_bin NOT NULL,
  `tab` varchar(64) COLLATE utf8_bin NOT NULL,
  `allowed` enum('Y','N') COLLATE utf8_bin NOT NULL DEFAULT 'N'
) ENGINE=InnoDB DEFAULT CHARSET=utf8 COLLATE=utf8_bin COMMENT='User groups with configured menu items';

-- --------------------------------------------------------

--
-- Estrutura para tabela `pma__users`
--

CREATE TABLE `pma__users` (
  `username` varchar(64) COLLATE utf8_bin NOT NULL,
  `usergroup` varchar(64) COLLATE utf8_bin NOT NULL
) ENGINE=InnoDB DEFAULT CHARSET=utf8 COLLATE=utf8_bin COMMENT='Users and their assignments to user groups';

--
-- Índices de tabelas apagadas
--

--
-- Índices de tabela `pma__bookmark`
--
ALTER TABLE `pma__bookmark`
  ADD PRIMARY KEY (`id`);

--
-- Índices de tabela `pma__central_columns`
--
ALTER TABLE `pma__central_columns`
  ADD PRIMARY KEY (`db_name`,`col_name`);

--
-- Índices de tabela `pma__column_info`
--
ALTER TABLE `pma__column_info`
  ADD PRIMARY KEY (`id`),
  ADD UNIQUE KEY `db_name` (`db_name`,`table_name`,`column_name`);

--
-- Índices de tabela `pma__designer_settings`
--
ALTER TABLE `pma__designer_settings`
  ADD PRIMARY KEY (`username`);

--
-- Índices de tabela `pma__export_templates`
--
ALTER TABLE `pma__export_templates`
  ADD PRIMARY KEY (`id`),
  ADD UNIQUE KEY `u_user_type_template` (`username`,`export_type`,`template_name`);

--
-- Índices de tabela `pma__favorite`
--
ALTER TABLE `pma__favorite`
  ADD PRIMARY KEY (`username`);

--
-- Índices de tabela `pma__history`
--
ALTER TABLE `pma__history`
  ADD PRIMARY KEY (`id`),
  ADD KEY `username` (`username`,`db`,`table`,`timevalue`);

--
-- Índices de tabela `pma__navigationhiding`
--
ALTER TABLE `pma__navigationhiding`
  ADD PRIMARY KEY (`username`,`item_name`,`item_type`,`db_name`,`table_name`);

--
-- Índices de tabela `pma__pdf_pages`
--
ALTER TABLE `pma__pdf_pages`
  ADD PRIMARY KEY (`page_nr`),
  ADD KEY `db_name` (`db_name`);

--
-- Índices de tabela `pma__recent`
--
ALTER TABLE `pma__recent`
  ADD PRIMARY KEY (`username`);

--
-- Índices de tabela `pma__relation`
--
ALTER TABLE `pma__relation`
  ADD PRIMARY KEY (`master_db`,`master_table`,`master_field`),
  ADD KEY `foreign_field` (`foreign_db`,`foreign_table`);

--
-- Índices de tabela `pma__savedsearches`
--
ALTER TABLE `pma__savedsearches`
  ADD PRIMARY KEY (`id`),
  ADD UNIQUE KEY `u_savedsearches_username_dbname` (`username`,`db_name`,`search_name`);

--
-- Índices de tabela `pma__table_coords`
--
ALTER TABLE `pma__table_coords`
  ADD PRIMARY KEY (`db_name`,`table_name`,`pdf_page_number`);

--
-- Índices de tabela `pma__table_info`
--
ALTER TABLE `pma__table_info`
  ADD PRIMARY KEY (`db_name`,`table_name`);

--
-- Índices de tabela `pma__table_uiprefs`
--
ALTER TABLE `pma__table_uiprefs`
  ADD PRIMARY KEY (`username`,`db_name`,`table_name`);

--
-- Índices de tabela `pma__tracking`
--
ALTER TABLE `pma__tracking`
  ADD PRIMARY KEY (`db_name`,`table_name`,`version`);

--
-- Índices de tabela `pma__userconfig`
--
ALTER TABLE `pma__userconfig`
  ADD PRIMARY KEY (`username`);

--
-- Índices de tabela `pma__usergroups`
--
ALTER TABLE `pma__usergroups`
  ADD PRIMARY KEY (`usergroup`,`tab`,`allowed`);

--
-- Índices de tabela `pma__users`
--
ALTER TABLE `pma__users`
  ADD PRIMARY KEY (`username`,`usergroup`);

--
-- AUTO_INCREMENT de tabelas apagadas
--

--
-- AUTO_INCREMENT de tabela `pma__bookmark`
--
ALTER TABLE `pma__bookmark`
  MODIFY `id` int(11) NOT NULL AUTO_INCREMENT;
--
-- AUTO_INCREMENT de tabela `pma__column_info`
--
ALTER TABLE `pma__column_info`
  MODIFY `id` int(5) UNSIGNED NOT NULL AUTO_INCREMENT;
--
-- AUTO_INCREMENT de tabela `pma__export_templates`
--
ALTER TABLE `pma__export_templates`
  MODIFY `id` int(5) UNSIGNED NOT NULL AUTO_INCREMENT;
--
-- AUTO_INCREMENT de tabela `pma__history`
--
ALTER TABLE `pma__history`
  MODIFY `id` bigint(20) UNSIGNED NOT NULL AUTO_INCREMENT;
--
-- AUTO_INCREMENT de tabela `pma__pdf_pages`
--
ALTER TABLE `pma__pdf_pages`
  MODIFY `page_nr` int(10) UNSIGNED NOT NULL AUTO_INCREMENT, AUTO_INCREMENT=2;
--
-- AUTO_INCREMENT de tabela `pma__savedsearches`
--
ALTER TABLE `pma__savedsearches`
  MODIFY `id` int(5) UNSIGNED NOT NULL AUTO_INCREMENT;
/*!40101 SET CHARACTER_SET_CLIENT=@OLD_CHARACTER_SET_CLIENT */;
/*!40101 SET CHARACTER_SET_RESULTS=@OLD_CHARACTER_SET_RESULTS */;
/*!40101 SET COLLATION_CONNECTION=@OLD_COLLATION_CONNECTION */;
